%Y-%m-%d;BAHDSC;BAHSC;KUWDSC;OMADSC;OMASC;KSADSC;UAEDSC;UAESC;QATSC;GCCEXSASC;GCCSC
2005-05-31;1211.86;1211.86;688.458;1082.06;1075.56;734.584;796.274;662.55;787.557;719.376;730.511
2005-06-01;1209.05;1209.05;700.286;1058.49;1056.56;756.37;800.386;667.031;797.837;727.745;754.109
2005-06-02;1205.58;1205.58;700.286;1040.32;1042.05;762.906;795.354;667.541;798.594;727.857;756.792
2005-06-03;1205.58;1205.58;700.166;1040.32;1042.05;762.927;795.44;667.614;798.572;727.834;756.794
2005-06-06;1195.17;1195.17;753.299;1066.65;1069.09;784.842;824.044;714.557;809.15;771.947;785.938
2005-06-07;1186.78;1186.78;757.457;1095.15;1093.47;794.602;832.298;727.806;843.332;785.248;794.418
2005-06-08;1192.37;1192.37;761.758;1105.07;1103.99;798.214;827.353;720.296;840.997;783.846;797.739
2005-06-09;1192.71;1192.71;761.758;1095.63;1095.86;796.69;846.513;738.959;837.185;790.563;800.107
2005-06-10;1192.71;1192.71;761.758;1095.63;1095.86;796.69;846.513;738.959;837.185;790.563;800.107
2005-06-13;1179.28;1179.28;748.15;1109.66;1115.61;809.756;879.367;783.078;893.646;812.007;813.202
2005-06-14;1176.69;1176.69;749.519;1125.14;1133.02;814.012;860.193;752.793;905.283;802.536;813.652
2005-06-15;1176.69;1176.69;753.538;1164.16;1178.91;808.453;868.676;768.747;871.189;804.445;808.802
2005-06-16;1173.21;1173.21;753.538;1206.47;1214.44;814.179;937.657;835.691;884.955;834.138;826.818
2005-06-17;1173.21;1173.21;753.409;1206.47;1214.44;814.179;937.657;835.691;884.614;834.024;826.769
2005-06-20;1171.1;1171.1;765.716;1234.68;1236.26;845.075;949.349;858.508;929.197;854.138;859.081
2005-06-21;1169.65;1169.65;761.292;1215.78;1216.29;841.071;947.459;856.72;932.755;852.064;857.67
2005-06-22;1170.21;1170.21;772.816;1225.79;1220.9;817.237;953.173;866.932;952.095;863.541;847.977
2005-06-23;1173.91;1173.91;772.684;1234.67;1228.83;837.011;950.099;877.677;953.401;868.202;862.432
2005-06-24;1173.91;1173.91;772.816;1234.83;1228.99;837.045;950.125;877.701;953.362;868.259;862.476
2005-06-27;1170.53;1170.53;755.523;1236.49;1226.87;831.376;971.099;919.588;960.134;878.768;865.082
2005-06-28;1169.97;1169.97;744.833;1215.45;1204.84;836.696;967.335;915.69;962.238;873.236;867.842
2005-06-29;1170.25;1170.25;745.958;1201.71;1193.49;820.738;944.468;882.969;982.564;863.549;850.791
2005-06-30;1180.75;1180.75;745.958;1190.27;1186.28;820.613;960.524;902.727;964.196;868.382;858.129
2005-07-01;1180.75;1180.75;745.958;1190.27;1186.28;820.592;960.524;902.727;964.169;868.377;858.114
2005-07-04;1188.36;1188.36;748.27;1166.35;1156.89;808.294;969.127;915.224;907.488;864.818;845.459
2005-07-05;1184.1;1184.1;760.538;1172.82;1165.02;794.69;925.471;875.394;942.934;859.955;835.341
2005-07-06;1160.58;1160.58;774.595;1186.37;1179.13;783.598;900.23;844.474;944.571;853.081;824.443
2005-07-07;1171.77;1171.77;774.595;1185.34;1174.56;779.195;912.945;857.237;932.92;856.328;822.154
2005-07-08;1171.77;1171.77;774.595;1185.34;1174.56;779.07;912.945;857.237;932.92;856.328;822.082
2005-07-11;1163.16;1163.16;756.445;1180.45;1174.6;749.646;828.404;762.503;936.041;810.83;785.261
2005-07-12;1163.16;1163.16;750.4;1178.02;1172.06;737.313;860.943;796.981;934.192;821.917;786.605
2005-07-13;1166.98;1166.98;750.776;1178.86;1171.72;767.015;879.117;820.363;919.73;828.824;813.453
2005-07-14;1172.59;1172.59;750.776;1180.52;1173.79;761.483;877.314;822.094;936.211;832.6;811.19
2005-07-15;1172.59;1172.59;750.776;1180.52;1173.79;761.462;877.314;822.094;936.237;832.604;811.18
2005-07-18;1162.74;1162.74;740.388;1160.91;1149.54;701.534;827.735;768.128;941.255;806.905;766.322
2005-07-19;1152.33;1152.33;757.927;1166.22;1158.7;731.722;854.206;808.238;939.984;830.406;795.654
2005-07-20;1140.77;1140.77;759.591;1171.2;1160.76;744.587;847.527;796.7;940.483;826.415;798.904
2005-07-21;1154.21;1154.21;759.721;1165.55;1157.05;743.756;826.415;767.391;943.506;815.316;791.983
2005-07-22;1154.21;1154.21;759.721;1165.55;1157.05;743.756;826.392;767.37;943.506;815.308;791.98
2005-07-25;1139.67;1139.67;748.626;1139.34;1129.93;764.062;752.65;693.673;914.789;773.888;789.354
2005-07-26;1134.53;1134.53;777.676;1131.33;1124.82;772.377;783.377;726.018;915.97;800.463;807.812
2005-07-27;1114.29;1114.29;780.994;1141.87;1131.69;778.35;797.614;730.615;925.906;805.147;812.254
2005-07-28;1096.83;1096.83;780.994;1144.78;1135.02;781.14;796.343;729.277;926.425;804.404;814.177
2005-07-29;1096.83;1096.83;780.994;1144.78;1135.02;781.14;796.365;729.297;926.425;804.412;814.181
2005-08-01;1074.75;1074.75;786.328;1153.51;1141.48;808.05;770.404;709.6;934.642;799.156;827.153
2005-08-02;1074.75;1074.75;794.038;1153.51;1141.48;823.514;761.216;695.839;946.446;797.939;838.234
2005-08-03;1067.02;1067.02;793.397;1111.39;1093.53;828.314;775.808;718.488;948.908;806.43;843.275
2005-08-04;1049.21;1049.21;793.261;1080.62;1061.7;830.498;797.641;743.509;951.144;816.026;849.401
2005-08-05;1049.21;1049.21;793.261;1080.62;1061.7;830.509;797.641;743.509;951.144;816.026;849.408
2005-08-08;1022.99;1022.99;794.341;1144.83;1137.54;844.569;825.626;782.571;991.593;838.627;869.316
2005-08-09;1019.37;1019.37;798.81;1176.47;1177.51;841.758;820.395;778.537;978.206;836.823;866.666
2005-08-10;1020.49;1020.49;808.618;1161.07;1157.51;841.737;821.938;781.873;980.767;841.679;869.725
2005-08-11;1020.49;1020.49;808.618;1155.33;1152.93;848.74;836.639;801.471;989.787;851.166;880.938
2005-08-12;1020.49;1020.49;808.757;1155.33;1152.93;848.752;836.65;801.482;989.787;851.224;880.971
2005-08-15;970.257;970.257;812.293;1153;1150.46;865.211;882.454;844.671;1038.66;877.828;909.809
2005-08-16;966.898;966.898;805.193;1149.03;1147.1;860.481;888.336;852.442;1038.48;877.843;905.915
2005-08-17;970.994;970.994;793.441;1145.75;1143.06;860.584;906.457;874.936;1064.25;887.013;909.9
2005-08-18;971.104;971.104;793.305;1128.31;1121.28;867.668;908.826;873.897;1087.5;890.135;916.638
2005-08-19;971.104;971.104;793.441;1128.16;1121.14;867.668;908.813;873.885;1087.5;890.179;916.657
2005-08-22;970.23;970.23;807.063;1152.38;1143.01;889.71;947.267;909.549;1155.24;922.018;948.383
2005-08-23;970.23;970.23;799.836;1156.93;1148.52;880.012;942.159;906.551;1132.02;913.949;936.16
2005-08-24;969.128;969.128;805.834;1148.29;1141.9;885.356;939.908;904.905;1097.64;909.846;938.516
2005-08-25;969.128;969.128;805.834;1148.01;1143.55;895.146;942.836;915.44;1114.92;917.203;951.547
2005-08-26;969.128;969.128;805.696;1148.16;1143.7;895.11;942.836;915.44;1114.4;917.063;951.463
2005-08-29;983.683;983.683;809.453;1146.72;1143.16;892.997;954.977;917.887;1116.42;919.851;956.097
2005-08-30;999.239;999.239;809.089;1145.65;1139.84;889.501;944.004;903.23;1109.98;912.895;949.625
2005-08-31;1031.79;1031.79;809.47;1144.69;1137.66;890.024;944.004;903.23;1121.47;915.633;951.988
2005-09-01;1034.54;1034.54;809.47;1144.85;1137.82;889.044;935.025;890.927;1120.05;910.39;949.126
2005-09-02;1034.54;1034.54;809.608;1144.85;1137.82;889.08;935.05;890.951;1119.96;910.436;949.169
2005-09-05;1036.09;1036.09;800.529;1124.74;1117.95;869.484;945.138;900.469;1150.58;915.489;936.023
2005-09-06;1034.02;1034.02;802.251;1115.48;1105.85;853.131;952.568;914.062;1146.51;920.863;926.229
2005-09-07;1038.92;1038.92;811.706;1114.72;1104.92;857.844;974.284;943.956;1145.17;936.22;935.121
2005-09-08;1049.87;1049.87;811.845;1118.96;1110.51;856.545;988.847;967.99;1141.1;945.734;938.148
2005-09-09;1049.87;1049.87;811.845;1118.96;1110.51;856.545;980.369;967.964;1141.1;945.723;938.143
2005-09-12;1051.58;1051.58;827.82;1117.83;1108.1;887.425;966.806;962.764;1136.54;949.718;963.068
2005-09-13;1049.24;1049.24;833.914;1114.74;1105.3;888.765;988.604;996.609;1141.36;966.943;971.894
2005-09-14;1065.04;1065.04;836.314;1108.09;1102.58;889.895;1002.06;1025.35;1162.55;983.303;979.811
2005-09-15;1064.14;1064.14;836.314;1102.85;1100.66;897.074;1003.65;1025.88;1173.66;985.395;988.098
2005-09-16;1064.14;1064.14;836.314;1102.85;1100.66;897.122;1003.36;1025.59;1173.9;985.316;988.092
2005-09-19;1054.5;1054.5;864.122;1101.58;1098.77;902.346;1030.09;1069.93;1215.18;1018.7;1005.21
2005-09-20;1037.19;1037.19;868.741;1098.83;1099.71;902.636;1035.9;1083.93;1201.19;1022.98;1007.13
2005-09-21;1027.69;1027.69;862.404;1091.39;1092.56;903.972;1033.33;1087.03;1198.93;1021.44;1008.06
2005-09-22;1013.63;1013.63;862.404;1080.93;1083.35;904.752;1031.07;1087.55;1192.09;1020.03;1008.54
2005-09-23;1013.63;1013.63;862.551;1080.93;1083.35;904.764;1031.06;1087.53;1192.79;1020.2;1008.62
2005-09-26;1009.75;1009.75;849.488;1066.41;1065.47;891.335;984.24;1033.12;1145.65;984.196;977.437
2005-09-27;996.877;996.877;855.764;1078.04;1074.79;900.241;999.769;1051.84;1170.57;997.567;991.101
2005-09-28;996.34;996.34;854.239;1098.02;1096.89;899.353;1008.43;1063.18;1163.59;1001.27;992.411
2005-09-29;1029.13;1029.13;854.093;1104.64;1103.54;905.353;1001.31;1054.99;1168.56;999.427;992.876
2005-09-30;1029.13;1029.13;854.239;1104.64;1103.54;905.353;1001.4;1055.14;1168.58;999.546;992.928
2005-10-03;1066.95;1066.95;877.519;1112.02;1111.89;894.102;964.942;1012.6;1146.43;988.097;979.463
2005-10-04;1077.71;1077.71;874.42;1130.84;1134.58;893.575;946.634;989.768;1124.08;974.02;973.274
2005-10-05;1077.08;1077.08;874.11;1127.31;1135.72;861.709;950.278;990.007;1129.12;974.903;948.787
2005-10-06;1081.13;1081.13;874.11;1115.51;1124.6;876.429;968.11;1014.07;1148.7;988.016;965.719
2005-10-07;1080.7;1080.7;873.96;1115.51;1124.6;876.441;968.084;1014.04;1148.6;987.924;965.685
2005-10-10;1077.91;1077.91;876.222;1121.29;1131.21;896.094;1003.37;1050.54;1178.77;1009.72;991.513
2005-10-11;1075.56;1075.56;874.738;1120.96;1132.56;902.584;996.221;1038.43;1151.31;999.375;995.384
2005-10-12;1076.35;1076.35;876.498;1120.6;1133.1;904.326;975.388;1010.28;1161.6;989.819;993.18
2005-10-13;1078.27;1078.27;876.648;1116.06;1128.28;902.754;995.618;1022.41;1152.36;993.182;993.044
2005-10-14;1078.27;1078.27;876.648;1116.06;1128.28;902.73;995.618;1022.41;1152.37;993.184;993.031
2005-10-17;1076.46;1076.46;883.376;1144.73;1154.53;882.414;1008.6;1039.94;1147.02;1003.29;978.672
2005-10-18;1073.2;1073.2;891.203;1152.48;1163.47;890.792;1011.77;1045.05;1128.66;1006.13;984.002
2005-10-19;1075.19;1075.19;892.336;1145.87;1155.58;900.604;1014.97;1044.68;1139.54;1007.76;982.591
2005-10-20;1064.45;1064.45;892.336;1140.21;1150.11;900.074;1021.69;1056.51;1141.27;1012.62;984.407
2005-10-21;1064.45;1064.45;892.183;1140.35;1150.26;900.11;1021.72;1056.54;1141.14;1012.55;984.4
2005-10-24;1049.66;1049.66;897.815;1105.22;1114.05;890.18;1011.13;1052.41;1126.31;1008.67;973.698
2005-10-25;1048.88;1048.88;904.496;1119.62;1128.79;898.913;1014.55;1056.77;1130.58;1013.69;984.09
2005-10-26;1045.41;1045.41;896.473;1117.8;1126.44;896.357;1011.74;1049.09;1138.77;1008.44;978.453
2005-10-27;1040.96;1040.96;896.319;1113.52;1120.14;901.727;1013.17;1047.26;1149.61;1009.31;979.341
2005-10-28;1040.96;1040.96;896.319;1113.52;1120.14;901.727;1013.18;1047.27;1149.6;1009.31;979.342
2005-10-31;1038.08;1038.08;905.331;1082.57;1087.52;941.699;1022.56;1052.07;1161.83;1015.31;1006.37
2005-11-01;1033.17;1033.17;909.211;1088.64;1099.12;941.699;1037.77;1073.56;1147.66;1023.49;1009.99
2005-11-02;1038.06;1038.06;926.176;1090.27;1103.12;941.699;1037.8;1073.59;1147.66;1029.59;1012.69
2005-11-03;1038.06;1038.06;926.176;1090.27;1103.12;941.699;1037.79;1073.58;1147.66;1029.58;1012.68
2005-11-04;1037.93;1037.93;926.018;1090.27;1103.12;941.724;1037.8;1073.59;1147.63;1029.52;1012.67
2005-11-07;1038.06;1038.06;943.183;1088.12;1095.48;941.699;1047.4;1078.99;1151.2;1038.56;1016.66
2005-11-08;1023.94;1023.94;951.107;1072.63;1079.88;958.917;1048.69;1079.16;1149.92;1040.67;1020.96
2005-11-09;1018.87;1018.87;958.678;1069.57;1073.79;970.139;1054.73;1083.05;1143.73;1043.99;1023.63
2005-11-10;1008.9;1008.9;959.74;1067.24;1071.41;975.989;1053.34;1078.87;1128.53;1039.88;1022.62
2005-11-11;1009.43;1009.43;960.967;1067.24;1071.41;975.949;1053.31;1078.84;1128.63;1040.45;1022.84
2005-11-14;1018.58;1018.58;997.072;1031.7;1029.16;974.83;1034.66;1056.67;1041.15;1028.03;1014.07
2005-11-15;1027.54;1027.54;986.186;1051.24;1050.71;972.62;1045.84;1064.34;1096.59;1037.3;1017.37
2005-11-16;1039.26;1039.26;959.374;1048.95;1048.89;976.542;1036.47;1051.63;1091.24;1020.45;1009.75
2005-11-17;1042.59;1042.59;959.374;1040.8;1042.36;982.158;1030.11;1050.1;1075.18;1017;1015.15
2005-11-18;1042.59;1042.59;959.374;1040.8;1042.36;982.158;1030.12;1050.11;1075.18;1017;1015.15
2005-11-21;1032.91;1032.91;948.649;1030.59;1029.29;969.448;1028.06;1047.59;1035.67;1005.41;999.073
2005-11-22;1022.24;1022.24;954.025;1021.59;1019.21;975.86;1016.95;1025.16;1025.68;996.024;995.802
2005-11-23;1024.81;1024.81;966.273;1011.5;1008.82;981.873;1005.45;1015;1006.71;993.12;993.64
2005-11-24;1020.55;1020.55;966.107;1014.27;1014.24;999.287;1001.53;1011.66;1015.66;993.288;1003.62
2005-11-25;1020.55;1020.55;966.273;1014.27;1014.24;999.313;1001.55;1011.69;1015.69;993.368;1003.67
2005-11-28;1018.5;1018.5;988.742;983.873;983.358;1005.51;983.092;987.319;975.657;985.805;999.862
2005-11-29;1000.48;1000.48;998.891;987.356;982.823;1002.98;961.052;965.221;1014.85;987.246;999.811
2005-11-30;1000;1000;1000;1000;1000;1000;1000;1000;1000;1000;1000
2005-12-01;979.051;979.051;1000;1003.88;1003.28;1001.12;983.511;971.132;1013.48;990.677;998.932
2005-12-02;979.311;979.311;999.829;1004.01;1003.41;1000.84;983.511;971.132;1013.43;990.605;998.845
2005-12-05;972.256;972.256;988.176;1006.18;1006.11;1013.15;976.357;961.219;1044.32;987.013;1015.52
2005-12-06;986.127;986.127;981.479;1010.67;1012.11;1020.88;983.824;969.771;1047.76;989.049;1027.01
2005-12-07;984.328;984.328;968.267;997.84;998.03;1025.25;977.976;966.698;1060.07;984.738;1027.5
2005-12-08;981.739;981.739;968.433;996.039;996.344;1024.27;991.025;978.498;1078.71;992.461;1030.58
2005-12-09;981.739;981.739;968.433;996.039;996.344;1024.54;991.052;978.525;1078.74;992.476;1030.58
2005-12-12;976.874;976.874;932.559;974.649;975.008;1019.16;978.864;971.458;1084.55;975.99;1015
2005-12-13;973.445;973.445;932.838;974.278;974.551;1026.7;972.121;964.94;1057.71;969.127;1018.37
2005-12-14;964.032;964.032;918.393;982.327;983.461;1024.9;971.686;969.062;1072.09;967.465;1012.44
2005-12-15;962.771;962.771;918.393;979.996;978.092;1036.41;972.665;965.791;1071.98;966.043;1021.37
2005-12-16;962.771;962.771;918.393;979.996;978.092;1041.14;972.665;965.791;1071.98;966.043;1023.02
2005-12-19;964.625;964.625;905.278;968.102;964.019;1030.37;974.658;963.696;1058.84;957.663;1014.08
2005-12-20;964.358;964.358;921.187;968.177;965.112;1014.19;972.662;972.55;1035.92;964.021;1006.27
2005-12-21;966.917;966.917;926.394;971.598;966.284;1022.92;949.949;942.833;992.768;947.905;1005.82
2005-12-22;965.492;965.492;926.394;981.399;973.331;1032.89;918.524;905.28;986.3;931.68;1001.53
2005-12-23;965.492;965.492;926.394;981.399;973.331;1031.37;918.537;905.292;986.327;931.689;1002.64
2005-12-26;957.473;957.473;934.624;970.134;954.902;1025.04;935.274;918.814;944.922;933.163;999.869
2005-12-27;956.953;956.953;929.17;991.878;978.683;1028.52;925.1;909.762;968.838;932.31;1002.11
2005-12-28;954.998;954.998;935.765;985.047;970.773;1030.74;932.26;914.422;1000.45;941.439;1008.59
2005-12-29;959.09;959.09;934.336;985.833;970.736;1033.61;935.444;921.427;1004.24;944.609;1010.48
2005-12-30;959.09;959.09;935.925;985.833;970.736;1034.04;935.469;921.452;1004.24;945.051;1011.17
2006-01-02;949.858;949.858;941.418;1020;1001.28;1053.54;980.523;973.486;1000.47;967.803;1028.06
2006-01-03;935.603;935.603;943.071;1025.27;1006.24;1053.4;971.845;968.445;966.385;959.907;1029.8
2006-01-04;940.076;940.076;938.88;1026.31;1008.87;1069.64;953.296;947.497;955.499;948.14;1039.53
2006-01-05;941.203;941.203;938.719;1023.75;1004.51;1071.73;953.296;947.497;959.505;948.666;1036.06
2006-01-06;941.203;941.203;938.88;1023.75;1004.51;1075.91;953.27;947.471;959.479;948.715;1038.59
2006-01-09;937.914;937.914;957.413;1028.91;1005.85;1087.28;978.082;976.358;946.845;965.776;1054.79
2006-01-10;937.914;937.914;957.413;1028.91;1005.85;1087.31;978.055;976.332;946.845;965.766;1054.8
2006-01-11;937.914;937.914;957.413;1028.91;1005.85;1087.3;978.082;976.358;946.845;965.776;1054.8
2006-01-12;937.914;937.914;957.413;1028.91;1005.85;1087.23;992.699;997.108;946.819;974.222;1058.6
2006-01-13;937.914;937.914;957.413;1024.61;1001.25;1087.31;992.672;997.081;946.845;974.128;1058.61
2006-01-16;946.868;946.868;958.737;1012.5;983.893;1084.39;979.893;978.123;943.17;966.387;1053.76
2006-01-17;946.868;946.868;960.43;1007.05;981.05;1080.91;961.076;955.545;915.868;953.162;1046.35
2006-01-18;950.477;950.477;960.43;1019.81;991.559;1083.27;951.856;945.016;923.797;950.43;1047.96
2006-01-19;956.912;956.912;960.43;1029.96;999.693;1084.85;963.319;957.07;941.96;958.566;1051.27
2006-01-20;956.912;956.912;960.43;1029.96;999.693;1084.84;963.319;957.07;941.96;958.566;1051.27
2006-01-23;958.363;958.363;940.263;1032.39;999.196;1138.57;956.49;947.134;892.9;938.069;1054.43
2006-01-24;1075.15;1075.15;962.747;1035.72;1001.97;1148.75;941.385;927.304;861.358;936.163;1064.47
2006-01-25;1061.53;1061.53;965.36;1035.19;997.638;1151.74;935.534;925.996;907.234;944.165;1076.54
2006-01-26;1061.23;1061.23;965.36;1036.33;1000.87;1152.03;921.292;909.213;936.882;942.221;1081.49
2006-01-27;1061.23;1061.23;965.195;1036.33;1000.87;1152.03;921.267;909.188;936.882;942.145;1081.45
2006-01-30;1074.15;1074.15;948.888;1034.7;1002.15;1157.55;834.342;819.085;922.736;896.221;1067.07
2006-01-31;1074.15;1074.15;951.173;1034.7;1002.15;1154.45;845.125;826.855;951.236;905.613;1075.62
2006-02-01;1077.64;1077.64;963.98;1039.02;999.775;1165.27;845.102;826.833;939.305;908.943;1087.58
2006-02-02;1071.63;1071.63;963.98;1033.65;992.808;1165.85;890.046;873.47;933.702;926.784;1092.15
2006-02-03;1071.63;1071.63;963.98;1033.65;992.808;1165.88;890.046;873.47;933.728;926.788;1092.17
2006-02-06;1067.78;1067.78;960.339;1016.44;973.305;1189.73;854.649;825.892;907.402;901.097;1081.92
2006-02-07;1062.55;1062.55;963.065;1003.34;962.834;1197.57;853.251;826.464;908.893;902.007;1088.13
2006-02-08;1062.55;1062.55;960.621;986.69;947.757;1197.04;834.851;803.113;899.071;888.547;1081.43
2006-02-09;1062.55;1062.55;960.457;993.519;948.1;1198.35;834.795;807.153;899.87;890.292;1082.5
2006-02-10;1062.55;1062.55;960.457;993.519;948.1;1198.38;834.795;807.153;899.858;890.29;1082.52
2006-02-13;1044.77;1044.77;963.178;988.478;940.124;1211.49;791.129;758.295;881.084;867.112;1069.67
2006-02-14;1030.65;1030.65;962.868;983.704;938.178;1208.4;763.777;726.229;853.626;848.706;1062.59
2006-02-15;1006.62;1006.62;953.94;975.881;927.09;1215.1;766.654;729.217;823.647;840.848;1065.22
2006-02-16;1010.25;1010.25;953.777;977.776;931.378;1189.94;814.931;788.297;859.166;871.138;1069.54
2006-02-17;1010.11;1010.11;953.777;977.776;931.378;1189.92;814.92;788.286;859.166;871.131;1069.52
2006-02-20;1017.91;1017.91;916.267;1004.8;963.849;1214.43;847.619;828.556;824.397;869.631;1084.24
2006-02-21;1021.65;1021.65;925.039;1014.26;975.772;1221.04;837.725;820.955;806.773;867.744;1089.61
2006-02-22;1029.34;1029.34;926.929;1018.14;980.767;1238.02;816.754;789.889;822.404;858.174;1100.25
2006-02-23;1023.12;1023.12;926.929;1013.21;975.216;1252.95;802.933;766.616;811.967;846.647;1104.06
2006-02-24;1023.12;1023.12;926.929;1013.21;975.216;1252.95;802.911;766.595;811.967;846.639;1104.05
2006-02-27;1039.23;1039.23;921.158;979.597;941.048;1146.6;826.008;782.216;771.901;843.978;1030.38
2006-02-28;1029.67;1029.67;920.16;979.082;943.108;1197.64;812.07;766.518;772.155;837.31;1053.59
2006-03-01;1020.15;1020.15;914.414;988.01;953.849;1184.78;804.764;758.948;768.672;831.522;1033.13
2006-03-02;1023.27;1023.27;914.414;980.081;944.241;1136.2;809.744;763.57;769.247;833.401;1005.83
2006-03-03;1023.27;1023.27;914.571;980.081;944.241;1136.23;809.744;763.57;769.247;833.463;1005.87
2006-03-06;1011.53;1011.53;879.318;973.658;940.331;1159.08;777.031;728.375;785.382;807.769;1009.15
2006-03-07;1016.49;1016.49;869.96;971.108;935.213;1118.82;767.45;714.709;811.484;801.643;976.549
2006-03-08;1013.61;1013.61;852.974;977.952;940.003;1068.25;773.141;723.781;820.775;800.413;945.799
2006-03-09;1008.83;1008.83;852.974;986.913;944.47;1107.23;762.588;711.399;829.617;796.718;966.401
2006-03-10;1008.69;1008.69;852.974;986.913;944.47;1107.15;762.546;711.36;829.48;796.677;966.342
2006-03-13;994.619;994.619;844.414;978.152;936.683;969.774;730.138;683.946;830.558;781.795;879.6
2006-03-14;975.441;975.441;808.967;957.38;920.518;924.493;685.175;637.77;812.779;745.268;837.167
2006-03-15;947.619;947.619;800.876;937.881;901.063;969.257;684.798;637.967;774.492;734.711;856.187
2006-03-16;928.83;928.83;800.876;950.565;910.651;1015.99;706.434;662.032;796.255;748.042;887.224
2006-03-17;928.584;928.584;800.876;950.565;910.651;1015.95;706.434;662.032;796.014;747.999;887.183
2006-03-20;941.194;941.194;859.521;960.336;917.202;1042.31;736.708;691.19;794.548;783.118;922.003
2006-03-21;938.495;938.495;838.193;953.666;911.77;1016.27;744.048;707.655;801.666;782.45;901.537
2006-03-22;939.799;939.799;844.058;958.645;914.227;984.887;740.264;706.143;808.617;785.225;882.076
2006-03-23;921.869;921.869;844.058;962.644;917.437;982.521;740.651;705.84;794.77;782.624;884.872
2006-03-24;921.869;921.869;844.058;962.769;917.556;982.443;740.672;705.859;794.792;782.638;884.837
2006-03-27;908.289;908.289;782.009;945.99;915.412;958.052;760.876;724.193;768.751;761.532;860.063
2006-03-28;903.237;903.237;782.213;958.482;927.607;1005.61;768.187;726.836;783.769;764.817;886.581
2006-03-29;914.309;914.309;791.942;943.944;909.599;1051.45;780.797;749.883;781.381;777.066;918.54
2006-03-30;919.875;919.875;791.942;939.788;906.282;1051.45;792.743;761.971;788.998;783.314;921.408
2006-03-31;919.875;919.875;791.942;939.788;906.282;1051.44;792.754;761.981;788.998;783.319;921.403
2006-04-03;933.665;933.665;819.089;932.044;900.946;1062.93;816.967;796.708;802.72;810.363;949.351
2006-04-04;940.934;940.934;833.24;933.276;903.731;1083;817.699;799.601;802.053;817.302;957.82
2006-04-05;947.769;947.769;846.408;931.547;896.579;1083.56;825.527;808.871;814.189;827.863;960.388
2006-04-06;950.208;950.208;846.408;930.708;897.346;1083.56;821.491;805.835;815.039;826.805;959.902
2006-04-07;950.082;950.082;845.829;930.829;897.463;1083.62;821.558;805.901;814.938;826.59;959.834
2006-04-10;951.471;951.471;868.742;924.917;896.51;985.552;813.979;795.325;807.235;829.122;912.88
2006-04-11;950.766;950.766;887.759;924.917;896.51;923.232;795.991;783.673;819.041;833.01;883.75
2006-04-12;948.897;948.897;876.241;913.523;887.802;949.646;771.385;753.617;816.592;815.615;882.157
2006-04-13;946.426;946.426;876.241;905.725;884.442;949.608;770.471;751.457;821.269;815.372;882.026
2006-04-14;946.426;946.426;876.241;905.725;884.442;949.608;770.471;751.457;821.269;815.372;882.026
2006-04-17;946.734;946.734;866.369;899.749;880.179;857.283;734.096;702.76;850.834;796.156;806.827
2006-04-18;946.661;946.661;857.285;888.039;875.268;792.111;721.268;691.255;826.117;783.611;769.783
2006-04-19;942.768;942.768;845.019;886.428;874.149;806.936;706.504;675.996;822.162;771.808;762.821
2006-04-20;934.424;934.424;845.019;893.856;877.226;806.936;703.662;671.968;810.232;768.147;761.146
2006-04-21;934.424;934.424;845.019;893.856;877.226;806.99;703.643;671.95;810.176;768.13;761.165
2006-04-24;913.415;913.415;816.959;890.028;866.363;777.861;670.839;638.524;769.553;736.244;717.4
2006-04-25;881.571;881.571;828.322;850.57;829.445;840.055;688.028;660.067;782.476;750.848;759.48
2006-04-26;883.023;883.023;831.359;874.735;854.996;846.365;687.712;660.702;783.797;753.321;770.16
2006-04-27;888.94;888.94;831.359;877.314;856.459;826.814;668.596;640.654;779.13;744.442;758.702
2006-04-28;888.94;888.94;831.359;877.314;856.459;826.858;668.542;640.602;779.152;744.424;758.716
2006-05-01;880.68;880.68;835.648;922.728;903.273;820.696;660.261;630.73;767.983;741.034;756.482
2006-05-02;881.156;881.156;835.275;921.063;901.566;797.098;655.569;627.473;768.431;739.69;741.532
2006-05-03;875.052;875.052;829.49;917.341;899.11;795.477;639.046;604.936;764.438;727.248;738.311
2006-05-04;877.696;877.696;828.923;916.939;898.608;778.443;634.874;600.895;760.75;724.805;722.893
2006-05-05;877.696;877.696;829.49;916.939;898.608;778.401;634.839;600.863;760.897;725.036;722.978
2006-05-08;866.759;866.759;788.715;880.708;864.078;698.151;588.498;555.04;719.712;682.393;662.049
2006-05-09;864.709;864.709;796.724;878.317;864.378;650.663;593.367;561.291;717.328;687.79;634.876
2006-05-10;866.089;866.089;787.548;853.88;842.059;615.667;566.693;529.488;696.566;667.254;610.517
2006-05-11;866.647;866.647;795.722;858.473;846.18;616.575;540.828;501.231;696.707;658.955;603.795
2006-05-12;866.647;866.647;795.447;858.473;846.18;615.44;540.813;501.217;696.564;658.819;603.178
2006-05-15;870.71;870.71;793.495;850.672;840.58;723.866;567.509;529.097;707.882;671.845;682.571
2006-05-16;874.855;874.855;785.596;827.293;821.996;659.64;566.816;527.745;706.495;667.936;644.202
2006-05-17;872.986;872.986;778.861;806.951;806.167;654.928;569.38;528.557;695.973;662.948;644.364
2006-05-18;869.511;869.511;779.13;814.76;810.753;676.157;574.292;536.093;694.078;665.871;656.851
2006-05-19;869.511;869.511;779.13;814.76;810.753;676.157;574.292;536.093;694.097;665.874;656.852
2006-05-22;867.383;867.383;782.888;819.391;811.834;625.517;588.761;552.471;663.052;669.484;622.204
2006-05-23;866.654;866.654;789.705;816.938;808.014;632.635;582.143;543.918;641.08;665.005;627.09
2006-05-24;864.073;864.073;799.921;831.789;816.34;631.507;580.966;542.409;620.452;665.2;624.578
2006-05-25;864.311;864.311;799.921;853.927;831.704;635.308;579.939;544.067;650.2;670.986;625.806
2006-05-26;864.311;864.311;800.059;853.927;831.704;635.334;579.931;544.06;650.191;671.036;625.841
2006-05-29;863.672;863.672;798.238;847.673;828.406;641.648;593.455;557.73;683.322;681.134;640.36
2006-05-30;863.41;863.41;800.09;852.859;834.843;659.137;589.556;550.436;665.764;676.438;650.76
2006-05-31;862.148;862.148;804.691;854.037;835.994;680.829;604.406;560.143;662.312;681.68;664.239
2006-06-01;864.443;864.443;804.691;858.527;837.758;704.88;615.332;567.466;669.475;685.893;682.173
2006-06-02;864.443;864.443;804.691;858.527;837.758;704.909;615.323;567.458;669.411;685.88;682.181
2006-06-05;869.167;869.167;821.493;858.289;836.436;737.965;631.139;581.805;657.558;696.705;710.119
2006-06-06;871.414;871.414;828.484;867.045;842.585;750.253;637.35;583.451;661.773;701.296;722.117
2006-06-07;870.88;870.88;840.277;872.315;846.014;692.696;621.721;570.314;660.663;701.209;684.447
2006-06-08;886.149;886.149;840.859;870.987;845.475;723.718;601.475;554.983;655.183;694.499;703.415
2006-06-09;886.149;886.149;840.859;870.987;845.475;723.737;601.483;554.99;655.165;694.499;703.426
2006-06-12;889.433;889.433;845.403;867.509;840.849;729.715;614.118;553.961;664.589;696.869;707.206
2006-06-13;892.449;892.449;836.867;864.21;839.289;724.097;608.283;552.375;665.191;693.022;700.855
2006-06-14;891.906;891.906;823.224;860.259;835.411;729.484;593.13;537.005;668.688;681.427;701.684
2006-06-15;889.625;889.625;823.366;861.279;836.414;729.484;598.09;542.473;667.262;683.503;702.647
2006-06-16;889.625;889.625;823.366;861.279;836.414;729.504;598.09;542.473;667.281;683.506;702.659
2006-06-19;874.916;874.916;818.161;847.209;827.541;766.367;584.262;532.264;657.139;675.231;714.415
2006-06-20;874.689;874.689;809.953;853.497;835.613;765.195;588.874;536.431;640.612;671.546;713.795
2006-06-21;871.176;871.176;799.975;854.334;834.298;771.658;591.224;538.189;643.207;668.078;715.674
2006-06-22;867.444;867.444;799.975;849.129;827.311;771.638;594.078;540.481;638.195;668.065;715.657
2006-06-23;867.444;867.444;799.975;849.129;827.311;771.638;594.078;540.481;638.195;668.065;715.657
2006-06-26;861.915;861.915;803.231;844.361;821.656;788.264;569.815;511.046;640.64;657.282;728.068
2006-06-27;862.445;862.445;807.514;843.052;821.435;792.438;575.084;516.62;638.871;661.336;731.416
2006-06-28;862.773;862.773;809.505;845.374;824.108;800.046;578.329;518.531;645.94;664.189;729.495
2006-06-29;867.231;867.231;809.505;850.72;830.906;800.249;568.785;508.431;653.199;661.329;728.275
2006-06-30;867.231;867.231;809.505;850.72;830.906;800.206;568.785;508.431;653.199;661.329;728.253
2006-07-03;863.406;863.406;806.283;844.171;819.861;792.431;571.101;518.292;651.034;663.285;724.232
2006-07-04;861.937;861.937;806.548;842.785;817.961;782.413;565.091;511.397;664.579;662.841;715.507
2006-07-05;868.33;868.33;813.277;845.251;821.462;787.74;565.585;510.93;683.148;667.775;721.804
2006-07-06;866.561;866.561;813.277;843.815;820.194;787.751;571.515;519.836;674.538;670.072;722.876
2006-07-07;866.561;866.561;813.277;843.815;820.194;787.761;571.499;519.822;674.556;670.069;722.88
2006-07-10;870.914;870.914;819.593;838.347;814.528;751.057;569.352;516.75;689.402;673.359;702.611
2006-07-11;869.72;869.72;818.849;836.292;812.411;743.17;574.593;517.659;701.95;674.94;697.906
2006-07-12;873.117;873.117;815.599;834.045;809.737;718.696;579.167;523.342;714.28;677.785;685.359
2006-07-13;884.657;884.657;815.599;832.337;807.914;718.725;581.622;525.115;698.599;676.254;684.664
2006-07-14;884.657;884.657;815.599;832.337;807.914;718.725;581.622;525.115;698.599;676.254;684.664
2006-07-17;869.461;869.461;796.855;816.68;791.615;686.38;569.751;510.664;660.19;656.425;659.609
2006-07-18;871.19;871.19;800.999;818.213;793.596;678.296;575.217;516.074;676.107;663.161;658.25
2006-07-19;869.543;869.543;798.606;815.768;790.506;638.983;574.18;516.29;673.125;661.788;628.455
2006-07-20;868.496;868.496;798.606;815.92;790.975;638.975;570.349;512.977;670.154;659.945;627.596
2006-07-21;868.496;868.496;798.606;815.92;790.975;638.975;570.349;512.977;670.145;659.944;627.595
2006-07-24;863.276;863.276;790.78;802.189;776.723;652.905;567.782;507.921;669.961;654.447;629.735
2006-07-25;860.261;860.261;784.421;812.414;788.013;635.147;567.934;508.509;667.644;651.951;616.469
2006-07-26;862.967;862.967;775.262;829.274;806.524;637.732;556.628;497.241;665.56;643.832;614.955
2006-07-27;866.026;866.026;775.262;834.594;812.312;637.749;548.459;488.793;667.628;640.809;613.561
2006-07-28;866.026;866.026;775.262;834.594;812.312;637.732;548.444;488.78;667.591;640.797;613.547
2006-07-31;867.29;867.29;773.871;826.418;805.838;659.539;554.787;497.571;670.328;644.088;633.647
2006-08-01;865.769;865.769;765.58;823.392;802.097;646.627;555.296;492.779;669.678;638.426;622.648
2006-08-02;866.06;866.06;764.784;823.562;802.31;655.482;552.016;490.38;668.781;637.031;627.069
2006-08-03;864.947;864.947;764.784;827.28;804.381;655.491;551.109;490.589;670.107;637.339;627.216
2006-08-04;864.947;864.947;764.784;827.28;804.381;655.5;551.109;490.589;670.125;637.342;627.222
2006-08-07;869.913;869.913;784.754;821.952;798.977;683.947;552.636;490.646;668.919;645.025;644.789
2006-08-08;869.913;869.913;791.117;818.402;796.497;688.803;556.104;496.462;666.794;649.93;651.052
2006-08-09;872.86;872.86;803.285;820.449;795.893;686.749;559.062;501.248;663.425;655.641;651.791
2006-08-10;881.702;881.702;803.285;821.195;795.868;686.74;561.507;502.752;662.164;656.221;652.055
2006-08-11;881.702;881.702;803.285;821.195;795.868;686.749;561.522;502.766;662.182;656.229;652.064
2006-08-14;881.623;881.623;805.368;813.255;786.557;707.482;567.223;506.454;666.961;659.218;667.594
2006-08-15;894.534;894.534;803.217;818.14;791.079;698.994;571.242;511.331;665.505;660.107;660.609
2006-08-16;926.832;926.832;794.334;822.529;794.413;699.651;570.654;509.864;663.994;656.675;660.274
2006-08-17;983.477;983.477;794.197;826.901;798.039;699.642;582.159;521.662;665.482;662.778;663.101
2006-08-18;983.477;983.477;794.059;826.901;798.039;699.651;582.159;521.662;665.482;662.724;663.081
2006-08-21;943.126;943.126;798.349;837.074;808.47;681.879;581.256;524.968;664.555;664.686;653.138
2006-08-22;938.345;938.345;798.27;837.074;808.47;688.027;587.526;531.326;664.634;667.299;657.826
2006-08-23;972.598;972.598;799.701;870.362;835.28;688.213;595.349;539.88;661.787;671.868;660.571
2006-08-24;973.827;973.827;799.701;868.853;832.518;688.204;600.201;544.892;661.769;673.914;661.516
2006-08-25;973.827;973.827;799.701;868.853;832.518;688.222;600.201;544.892;661.778;673.915;661.526
2006-08-28;969.949;969.949;808.549;866.52;832.356;672.465;606.843;555.987;649.136;680.02;656.334
2006-08-29;967.225;967.225;807.604;866.608;831.091;671.651;611.501;561.176;650.831;682.215;656.019
2006-08-30;978.958;978.958;812.571;873.937;835.909;673.702;613.761;559.435;647.096;683.219;656.31
2006-08-31;986.312;986.312;812.571;877.024;840.01;673.72;619.956;566.886;645.383;686.235;657.719
2006-09-01;986.312;986.312;812.571;877.024;840.01;673.72;619.956;566.886;645.383;686.235;657.719
2006-09-04;998.725;998.725;826.661;889.734;850.313;688.066;637.166;588.685;647.759;701.128;676.69
2006-09-05;996.224;996.224;830.496;891.918;852.669;682.738;642.317;594.59;646.161;704.91;675.664
2006-09-06;999.909;999.909;833.635;903.196;861.332;691.252;641.826;596.019;647.007;706.983;680.371
2006-09-07;998.195;998.195;833.635;914.997;870.513;691.252;646.987;601.793;648.419;709.695;681.637
2006-09-08;998.195;998.195;833.635;914.997;870.513;691.252;647.004;601.809;648.436;709.705;681.641
2006-09-11;1025.69;1025.69;831.017;892.057;851.853;697.561;626.815;576.749;645.584;698.521;682.977
2006-09-12;1031.64;1031.64;838.309;906.958;862.587;697.129;633.611;584.502;643.594;704.594;686.295
2006-09-13;1032.4;1032.4;842.139;903.553;864.071;675.713;634.414;585.612;645.136;706.862;673.629
2006-09-14;1031.14;1031.14;842.139;902.732;860.54;675.722;642.067;593.838;644.531;710.048;675.12
2006-09-15;1031.14;1031.14;842.139;902.732;860.54;675.722;642.067;593.838;644.531;710.048;675.12
2006-09-18;1025.75;1025.75;829.4;896.835;857.962;682.569;628.392;579.421;641.59;698.62;673.132
2006-09-19;1024.26;1024.26;837.623;898.139;861.825;667.301;616.98;568.284;638.563;696.687;663.303
2006-09-20;1030.54;1030.54;834.062;897;863.121;672.455;616.725;567.584;636.179;695.12;665.809
2006-09-21;1026.67;1026.67;834.062;903.221;867.548;672.41;611.496;561.62;632.225;692.038;664.348
2006-09-22;1026.67;1026.67;834.062;903.221;867.548;672.455;611.496;561.62;632.225;692.038;664.371
2006-09-25;1034.61;1034.61;835.798;912.756;877.323;684.189;602.509;551.847;627.842;688.205;669.626
2006-09-26;1030.38;1030.38;836.338;916.481;881.897;679.289;610.451;565.139;625.863;693.533;669.833
2006-09-27;1030.41;1030.41;834.889;919.659;886.81;671.916;617.481;573.17;623.586;695.712;665.243
2006-09-28;1026.11;1026.11;834.889;919.919;887.464;675.627;615.077;568.205;622.388;693.412;666.654
2006-09-29;1026.11;1026.11;834.889;919.919;887.464;675.636;615.077;568.205;622.388;693.412;666.658
2006-10-02;1026.91;1026.91;851.671;914.057;882.073;672.57;620.044;576.234;632.386;704.767;672.202
2006-10-03;1024.05;1024.05;871.07;911.246;880.085;655.376;620.174;579.984;627.629;712.187;664.966
2006-10-04;1023.08;1023.08;868.502;917.867;884.92;649.511;619.187;578.831;627.863;711.318;663.328
2006-10-05;1018.57;1018.57;868.502;927.342;893.323;652.548;613.042;573.053;630.448;709.422;660.737
2006-10-06;1018.57;1018.57;868.502;927.342;893.323;652.54;613.042;573.053;630.448;709.422;660.733
2006-10-09;1014.3;1014.3;901.263;929.352;894.422;663.639;612.976;572.691;621.772;720.26;665.883
2006-10-10;1025.04;1025.04;912.237;930.617;895.781;653.664;619.558;578.241;618.734;726.515;664.422
2006-10-11;1025.73;1025.73;918.225;930.078;894.784;659.374;618.936;576.093;618.314;728.331;668.596
2006-10-12;1020.75;1020.75;918.225;924.302;890.09;661.078;618.344;573.784;616.763;726.958;671.827
2006-10-13;1020.75;1020.75;918.225;924.302;890.09;661.087;618.344;573.784;616.797;726.964;671.834
2006-10-16;1014.64;1014.64;918.946;924.112;889.742;630.078;608.056;561.375;589.667;717.03;648.476
2006-10-17;1011.86;1011.86;927.91;936.084;902.179;633.048;608.929;561.951;600.96;722.759;653.61
2006-10-18;1014.08;1014.08;929.415;938.645;907.746;636.961;606.261;558.273;599.25;722.032;651.02
2006-10-19;1021.74;1021.74;929.415;946.439;916.517;636.969;608.195;561.922;601.335;724.161;652.018
2006-10-20;1021.74;1021.74;929.415;946.439;916.517;638.041;608.195;561.922;601.335;724.161;652.547
2006-10-23;1025.56;1025.56;937.737;950.927;920.578;637.956;608.212;561.937;601.335;727.863;654.233
2006-10-24;1025.56;1025.56;937.737;950.927;920.578;637.284;608.195;561.922;601.343;727.858;653.899
2006-10-25;1025.56;1025.56;937.737;950.927;920.578;637.275;608.195;561.922;601.335;727.857;653.894
2006-10-26;1026.3;1026.3;937.737;950.927;920.578;637.275;608.195;561.922;601.335;727.872;653.901
2006-10-27;1026.3;1026.3;937.737;950.927;920.578;637.275;608.195;561.922;601.335;727.872;653.901
2006-10-30;1025.25;1025.25;924.248;958.144;934.147;606.529;604.375;556.953;606.495;722.157;635.739
2006-10-31;1031.2;1031.2;911.143;952.495;929.153;585.633;596.668;547.287;596.253;711.733;618.551
2006-11-01;1021.26;1021.26;901.574;939.761;915.413;565.024;588.618;536.175;594.841;702.727;600.331
2006-11-02;1021.5;1021.5;901.73;933.559;909.162;565.002;574.236;520.128;588.461;695.088;596.753
2006-11-03;1021.5;1021.5;901.574;933.559;909.162;565.009;574.251;520.142;588.429;695.028;596.729
2006-11-06;1014.63;1014.63;912.029;916.149;896.096;537.226;550.985;499.46;584.182;689.056;584.89
2006-11-07;1012.56;1012.56;909.457;920.247;899.791;538.866;538.437;486.898;574.83;681.337;581.328
2006-11-08;1006.8;1006.8;920.472;926.563;906.084;516.703;543.962;492.792;577.08;688.275;575.089
2006-11-09;1008.12;1008.12;920.472;929.769;908.044;516.696;540.562;490.075;568.97;685.914;573.984
2006-11-10;1008.12;1008.12;920.472;929.769;908.044;516.689;540.555;490.068;568.97;685.912;573.979
2006-11-13;1006.63;1006.63;900.543;922.752;902.364;516.814;544.811;494.18;549.066;677.621;574.808
2006-11-14;998.951;998.951;900.715;910.728;889.902;493.035;539.691;487.427;549.329;674.292;559.41
2006-11-15;995.849;995.849;899.876;902.429;883.137;515.611;539.997;486.387;554.437;674.039;569.916
2006-11-16;994.81;994.81;899.876;903.362;884.498;515.624;542.382;489.4;552.194;674.914;570.331
2006-11-17;994.81;994.81;899.876;903.362;884.498;515.624;542.382;489.4;552.194;674.914;570.331
2006-11-20;990.547;990.547;858;898.567;878.839;524.529;530.268;478.713;542.906;652.336;559.761
2006-11-21;990.547;990.547;875.086;896.598;876.549;531.25;528.737;476.755;529.003;655.989;566.33
2006-11-22;989.348;989.348;866.14;899.699;880.448;536.482;524.263;473.695;512.599;648.348;564.563
2006-11-23;984.804;984.804;866.14;906.336;886.537;536.482;517.147;466.929;519.26;646.665;563.778
2006-11-24;984.804;984.804;866.14;906.336;886.537;536.468;517.161;466.942;518.573;646.56;563.722
2006-11-27;987.97;987.97;841.627;898.706;879.127;524.386;518.939;468.216;517.031;636.981;551.686
2006-11-28;987.226;987.226;815.512;900.829;881.847;518.607;517.275;464.216;510.947;624.027;543.104
2006-11-29;983.083;983.083;834.478;900.829;881.847;510.475;507.463;454.147;502.235;625.804;540.541
2006-11-30;980.637;980.637;834.334;900.829;881.847;510.475;512.12;459.851;498.677;627.461;541.314
2006-12-01;980.637;980.637;834.478;900.712;881.733;510.475;512.106;459.838;498.643;627.505;541.334
2006-12-04;973;973;774.082;893.986;872.889;475.539;504.356;452.491;488.001;598.298;514.174
2006-12-05;964.177;964.177;788.84;884.713;868.428;492.98;508.163;457.93;487.633;606.133;526.595
2006-12-06;965.326;965.326;815.661;876.937;861.188;486.257;518.036;467.539;506.864;623.571;532.661
2006-12-07;969.383;969.383;815.661;877.891;861.458;486.257;527.268;477.598;514.61;629.021;535.202
2006-12-08;969.383;969.383;815.802;878.005;861.57;486.25;527.225;477.559;514.688;629.074;535.223
2006-12-11;972.216;972.216;811.477;875.105;858.259;479.424;528.75;478.505;524.346;629.879;534.574
2006-12-12;971.028;971.028;814.631;876.449;859.241;482.76;527.374;476.608;507.539;627.403;534.014
2006-12-13;973.947;973.947;825.35;881.593;865.24;489.198;532.391;485.717;512.871;636.554;542.705
2006-12-14;969.288;969.288;825.35;891.251;874.096;489.224;535.575;493.63;516.984;640.513;544.564
2006-12-15;969.288;969.288;825.35;891.251;874.096;489.211;535.589;493.643;516.998;640.521;544.561
2006-12-18;969.288;969.288;858.889;895.739;880.742;505.266;537.895;498.731;523.498;656.583;563.965
2006-12-19;971.553;971.553;861.869;898.655;883.706;486.291;534.285;494.611;524.79;656.495;550.145
2006-12-20;971.879;971.879;853.136;902.122;885.872;483.952;522.65;479.928;539.561;649.705;546.35
2006-12-21;973.602;973.602;853.136;904.376;888.276;483.94;518.618;477.808;545.39;649.851;546.412
2006-12-22;973.602;973.602;853.136;904.376;888.276;483.952;518.632;477.821;545.397;649.858;546.421
2006-12-25;971.471;971.471;862.734;893.781;876.495;485.474;509.913;468.998;564.222;653.084;546.158
2006-12-26;968.381;968.381;856.743;889.911;872.833;482.972;509.905;468.4;566.645;651.008;543.214
2006-12-27;968.282;968.282;864.99;889.761;873.211;493.314;516.384;475.351;571.494;657.203;546.981
2006-12-28;991.675;991.675;864.99;888.788;873.271;493.321;519.418;476.967;576.148;659.077;547.857
2006-12-29;991.675;991.675;865.14;888.788;873.271;493.327;519.418;476.967;576.148;659.135;547.888
2007-01-01;991.675;991.675;865.14;888.788;873.271;493.327;519.418;476.967;576.148;659.135;547.888
2007-01-02;991.675;991.675;865.14;888.788;873.271;493.327;518.972;478.138;576.148;659.614;548.111
2007-01-03;994.496;994.496;865.14;890.392;874.544;493.275;521.686;483.842;578.997;662.485;549.424
2007-01-04;993.403;993.403;864.99;901.439;885.443;493.262;531.399;495.884;577.856;667.334;551.678
2007-01-05;993.504;993.504;864.99;901.439;885.443;493.314;531.377;495.864;577.896;667.334;551.703
2007-01-08;986.802;986.802;879.932;901.302;885.027;476.819;530.758;497.134;562.264;671.603;550.91
2007-01-09;988.154;988.154;892.314;904.471;889.068;478.329;531.707;498.387;563.646;676.659;554.373
2007-01-10;987.085;987.085;884.813;910.186;895.848;465.893;525.62;488.983;572.091;672.222;544.456
2007-01-11;986.063;986.063;884.967;914.268;898.793;465.905;523.735;489.222;563.118;670.963;543.875
2007-01-12;986.063;986.063;884.967;914.268;898.793;465.905;523.735;489.222;563.126;670.964;543.876
2007-01-15;983.677;983.677;851.424;928.177;907.961;440.526;516.252;482.01;555.465;653.377;529.451
2007-01-16;983.287;983.287;852.997;930.842;911.957;437.136;516.868;484.966;557.762;655.924;525.907
2007-01-17;986.013;986.013;850.835;937.102;916.016;444.706;517.775;484.739;556.265;655.125;528.668
2007-01-18;979.783;979.783;850.687;941.277;918.066;444.706;519.625;487.458;556.54;656.137;529.14
2007-01-19;979.783;979.783;850.687;941.277;918.066;444.694;519.639;487.471;556.54;656.142;529.136
2007-01-22;976.896;976.896;846.688;933.542;910.242;445.979;522.147;491.501;561.968;657.064;533.969
2007-01-23;973.169;973.169;852.371;917.454;900.921;439.566;530.642;498.333;559.285;661.484;533.231
2007-01-24;951.133;951.133;848.769;912.685;896.129;428.362;534.497;498.641;555.112;659.225;527.953
2007-01-25;952.265;952.265;848.769;909.07;891.661;428.351;538.423;507.654;553.245;662.56;529.501
2007-01-26;952.265;952.265;848.769;909.07;891.661;428.362;538.423;507.654;553.245;662.56;529.507
2007-01-29;939.744;939.744;856.57;886.296;880.328;423.36;533.022;501.269;532.104;659.84;527.595
2007-01-30;939.744;939.744;855.566;891.481;880.388;426.596;529.2;496.27;523.458;655.891;523.402
2007-01-31;891.451;891.451;854.845;892.637;881.172;433.71;521.448;487.18;523.35;651.172;524.382
2007-02-01;912.781;912.781;854.55;892.372;881.332;433.71;523.679;491.23;528.937;654.037;525.718
2007-02-02;912.781;912.781;854.55;892.372;881.332;433.704;523.679;491.23;528.937;654.037;525.715
2007-02-05;908.478;908.478;836.229;880.224;873.76;439.436;527.31;492.685;540.14;649.599;526.642
2007-02-06;904.222;904.222;840.585;865.434;862.383;448.147;529.161;491.249;533.761;649.538;532.477
2007-02-07;900.794;900.794;836.301;864.814;864.138;451.669;528.839;489.629;532.08;647.467;532.329
2007-02-08;901.441;901.441;836.59;863.438;862.808;451.693;526.291;487.565;530.464;646.466;531.874
2007-02-09;901.349;901.349;836.301;863.438;862.808;451.669;526.305;487.578;530.522;646.365;531.815
2007-02-12;900.027;900.027;860.761;856.724;857.32;464.515;526.371;489.504;504.197;651.726;540.626
2007-02-13;904.1;904.1;868.497;860.002;858.302;475.729;526.465;489.412;498.551;653.91;544.936
2007-02-14;901.7;901.7;866.262;857.226;855.022;487.533;529.843;496.495;505.459;657.061;548.594
2007-02-15;904.197;904.197;866.562;861.43;859.508;487.527;530.918;497.921;516.442;659.658;549.801
2007-02-16;904.197;904.197;866.562;861.43;859.508;487.546;530.882;497.887;516.428;659.641;549.803
2007-02-19;913.714;913.714;874.559;870.069;866.745;501.699;534.358;500.368;524.441;667.545;559.985
2007-02-20;914.071;914.071;884.442;876.799;871.06;505.301;539.291;506.045;520.825;674.054;564.79
2007-02-21;920.733;920.733;882.549;872.933;867.399;513.163;536.834;503.525;520.98;672.095;566.027
2007-02-22;914.782;914.782;882.702;875.568;870.755;513.177;535.441;501.359;526.135;672.038;566.008
2007-02-23;914.782;914.782;882.855;875.568;870.755;513.184;535.441;501.359;526.135;672.099;566.039
2007-02-26;906.911;906.911;882.855;885.118;876.708;515.353;535.122;498.667;521.161;670.151;565.69
2007-02-27;902.678;902.678;884.838;883.42;875.117;512.897;539.003;498.977;529.217;673.096;565.857
2007-02-28;899.052;899.052;885.668;879.979;872.366;505.348;536.797;494.988;535.769;672.286;560.415
2007-03-01;903.281;903.281;885.668;874.457;867.63;505.443;532.107;487.747;539.369;669.923;559.37
2007-03-02;903.281;903.281;885.668;874.57;867.743;505.429;532.129;487.767;539.384;669.935;559.369
2007-03-05;895.961;895.961;899.895;871.412;864.943;531.735;536.037;494.337;537.676;677.729;577.648
2007-03-06;895.494;895.494;901.291;865.722;860.544;528.747;531.807;488.36;540.727;676.166;579.252
2007-03-07;885.175;885.175;908.555;864.132;858.505;534.509;528.06;487.14;538.691;678.125;586.122
2007-03-08;884.708;884.708;909.184;867.374;861.852;534.509;530.246;487.933;533.679;677.942;586.037
2007-03-09;884.708;884.708;909.184;867.374;861.852;534.509;530.261;487.946;533.679;677.947;586.04
2007-03-12;886.895;886.895;936.175;862.315;855.443;520.712;514.943;469.768;514.67;678.756;581.752
2007-03-13;884.775;884.775;935.352;858.198;849.997;521.384;517.833;474.603;516.35;680.306;584.867
2007-03-14;883.68;883.68;939.221;846.793;840.977;524.403;510.944;464.556;520.856;678.818;585.488
2007-03-15;887.542;887.542;939.709;854.464;846.42;524.431;510.987;464.435;526.302;680.003;586.05
2007-03-16;887.542;887.542;939.709;854.131;846.09;524.312;510.966;464.416;526.309;679.991;585.983
2007-03-19;884.144;884.144;978.785;853.93;848.729;530.734;510.151;458.21;523.141;693.547;596.359
2007-03-20;884.045;884.045;987.222;855.945;850.86;531.128;502.28;448.437;522.182;692.96;596.118
2007-03-21;881.842;881.842;983.862;852.635;848.094;519.842;503.832;445.485;522.518;690.453;587.305
2007-03-22;886.039;886.039;984.202;850.476;847.131;519.842;498.937;439.998;521.221;688.213;586.27
2007-03-23;886.039;886.039;984.202;850.476;847.131;519.835;498.937;439.998;521.214;688.212;586.266
2007-03-26;866.418;866.418;982.575;843.05;836.421;493.877;488.785;429.753;518.576;681.985;567.778
2007-03-27;869.83;869.83;980.554;843.788;837.285;489.742;485.798;426.923;516.964;679.894;562.29
2007-03-28;895.781;895.781;966.953;825.425;812.804;483.825;488.612;431.919;518.798;677.014;555.851
2007-03-29;887.801;887.801;966.953;825.258;813.039;483.819;486.38;430.178;516.658;675.803;555.288
2007-03-30;887.801;887.801;966.953;825.258;813.039;483.825;486.38;430.178;516.665;675.804;555.292
2007-04-02;882.514;882.514;959.799;813.969;811.84;467.018;479.644;421.619;512.9;668.024;543.98
2007-04-03;878.323;878.323;965.354;816.476;811.131;465.36;478.421;420.223;507.878;669.613;543.618
2007-04-04;879.555;879.555;971.491;813.4;809.751;467.761;480.469;425.262;508.34;675.442;549.971
2007-04-05;880.634;880.634;971.827;811.891;808.709;467.698;492.181;437.24;511.185;680.909;552.467
2007-04-06;880.634;880.634;971.827;811.891;808.709;467.698;492.181;437.24;511.185;680.909;552.467
2007-04-09;870.649;870.649;982.518;823.832;821.465;480.649;498.526;442.117;517.916;687.944;566.022
2007-04-10;872.939;872.939;962.245;829.385;826.289;477.495;500.999;443.723;522.648;681.272;562.045
2007-04-11;874.666;874.666;955.322;832.645;824.128;473.215;505.584;449.37;523.38;681.325;562.024
2007-04-12;875.162;875.162;955.322;830.321;820.366;473.202;508.24;451.267;524.993;682.301;562.469
2007-04-13;875.251;875.251;955.322;830.213;820.26;473.228;508.227;451.255;525.051;682.305;562.484
2007-04-16;872.565;872.565;970.835;842.338;841.515;458.313;501.277;447.156;528.824;688.477;556.646
2007-04-17;868.318;868.318;970.198;863.64;864.34;449.48;506.348;449.313;530.02;689.025;551.735
2007-04-18;865.866;865.866;966.552;863.413;866.059;456.185;508.226;451.648;530.085;688.486;557.411
2007-04-19;864.346;864.346;966.552;852.403;854.374;456.185;510.14;451.626;530.313;688.286;557.319
2007-04-20;864.346;864.346;966.552;852.403;854.374;456.185;510.202;451.681;530.328;688.311;557.33
2007-04-23;881.12;881.12;973.726;855.22;858.648;437.797;511.023;452.872;548.813;695.02;549.914
2007-04-24;872.355;872.355;983.473;854.94;858.027;439.993;510.258;452.551;546.136;698.153;552.566
2007-04-25;871.381;871.381;991.95;853.04;855.169;443.669;506.8;448.3;540.049;699.482;556.827
2007-04-26;866.643;866.643;991.95;852.134;854.868;443.645;505.408;447.468;541.607;699.29;556.726
2007-04-27;866.643;866.643;991.95;852.134;854.868;443.645;505.394;447.456;541.607;699.285;556.724
2007-04-30;858.954;858.954;993.489;834.27;847.12;450.71;502.406;446.84;547.041;700.631;563.482
2007-05-01;858.954;858.954;1009.76;844.008;855.385;458.818;505.053;451.123;552.584;709.134;572.287
2007-05-02;862.251;862.251;1014.87;846.214;860.454;456.535;505.196;447.382;556.466;711.076;571.613
2007-05-03;871.397;871.397;1014.87;847.415;862.847;456.559;506.35;447.646;559.21;711.849;571.983
2007-05-04;871.397;871.397;1014.87;847.415;862.847;456.577;506.364;447.659;559.21;711.854;571.995
2007-05-07;868.156;868.156;1035.36;835.723;852.673;443.778;519.559;458.265;585.996;729.563;571.877
2007-05-08;868.066;868.066;1036.05;837.36;853.025;446.835;522.585;460.576;597.467;732.343;576.9
2007-05-09;874.659;874.659;1039.66;841.086;858.433;448.095;530.448;472.653;589.458;737.637;579.729
2007-05-10;874.149;874.149;1039.66;852.076;861.592;448.095;531.154;472.524;596.065;738.682;580.212
2007-05-11;874.149;874.149;1039.66;852.076;861.592;448.095;531.154;472.524;596.065;738.682;580.212
2007-05-14;913.331;913.331;1044.57;870.495;877.054;456.214;548.787;491.523;612.126;752.327;591.478
2007-05-15;911.93;911.93;1032.7;873.142;877.802;456.15;554.119;494.924;613.143;749.032;590.636
2007-05-16;887.115;887.115;1045.63;867.697;875.356;455.432;548.198;483.951;610.235;749.158;591.795
2007-05-17;895.794;895.794;1045.63;873.659;883.324;455.414;540.314;475.089;618.49;747.186;590.874
2007-05-18;895.794;895.794;1045.63;873.546;883.209;455.438;540.27;475.05;618.532;747.175;590.882
2007-05-21;898.576;898.576;1063.61;889.52;895.718;468.359;545.76;481.737;637.681;760.422;605.556
2007-05-22;902.938;902.938;1086.15;888.531;900.516;466.74;548.483;486.048;639.764;772.006;607.565
2007-05-23;916.573;916.573;1099.53;893.014;904.667;465.772;558.436;495.166;652;783.524;613.504
2007-05-24;938.396;938.396;1100.68;897.503;908.078;465.816;569.323;505.692;651.492;788.687;615.914
2007-05-25;938.396;938.396;1100.68;897.503;908.078;465.81;569.346;505.713;651.483;788.694;615.914
2007-05-28;955.382;955.382;1108.35;884.147;894.272;460.744;583.524;520.782;644.948;798.877;615.199
2007-05-29;959.563;959.563;1116.49;882.408;892.321;449.839;588.722;526.382;642.707;803.705;613.183
2007-05-30;967.136;967.136;1127.67;884.206;896.889;454.84;587.622;522.835;630.699;805.469;616.147
2007-05-31;973.101;973.101;1128.46;895.921;909.28;454.828;584.913;521.534;619.287;803.767;615.354
2007-06-01;973.004;973.004;1128.46;895.921;909.28;454.834;584.929;521.548;619.27;803.769;615.357
2007-06-04;975.912;975.912;1105.94;910.384;925.012;449.226;586.152;519.005;627.674;796.325;607.119
2007-06-05;965.272;965.272;1095.05;915.197;929.903;448.968;579.122;513.21;617.533;788.17;603.421
2007-06-06;966.697;966.697;1091.52;915.197;929.903;449.67;577.231;507.469;618.316;784.72;601.544
2007-06-07;967.711;967.711;1091.52;915.197;929.903;449.694;585.59;518.579;623.367;790.018;604.069
2007-06-08;967.711;967.711;1091.34;915.197;929.903;449.7;585.59;518.579;623.35;789.939;604.035
2007-06-11;962.451;962.451;1098.97;878.348;890.648;437.784;581.102;514.093;630.83;791.729;598.663
2007-06-12;960.873;960.873;1106.52;903.188;916.984;432.628;583.345;515.618;631.711;796.346;596.915
2007-06-13;962.984;962.984;1118;912.06;926.338;431.349;588.107;522.226;629.858;803.363;600.745
2007-06-14;968.391;968.391;1118.39;915.856;926.134;431.361;587.871;522.497;627.849;803.404;600.77
2007-06-15;968.295;968.295;1118.39;915.856;926.134;431.355;587.855;522.482;627.849;803.396;600.763
2007-06-18;961.692;961.692;1145.07;908.53;916.649;419.48;587.542;523.805;618.811;812.206;599.343
2007-06-19;960.762;960.762;1141.74;902.102;909.423;429.76;590.612;528.433;618.61;811.926;602.956
2007-06-20;963.363;963.363;1149.72;907.723;914.602;429.209;589.363;525.945;619.992;814.349;603.757
2007-06-21;960.743;960.743;1149.92;913.578;918.529;429.215;588.913;524.208;621.414;814.01;603.598
2007-06-22;960.743;960.743;1149.92;913.578;918.529;429.204;588.945;524.236;621.44;814.026;603.6
2007-06-25;962.611;962.611;1145.01;914.866;921.251;434.497;584.071;517.576;617.365;808.936;602.323
2007-06-26;963.205;963.205;1143.91;915.326;921.656;434.265;575.657;509.599;613.577;804.839;600.771
2007-06-27;966.269;966.269;1143.51;924.586;931.708;430.587;578.703;512.635;620.511;807.041;599.217
2007-06-28;963.496;963.496;1143.71;922.29;930.964;430.587;577.401;509.97;622.165;806.23;598.831
2007-06-29;963.496;963.496;1143.71;922.29;930.964;430.57;577.417;509.984;622.165;806.236;598.825
2007-07-02;961.637;961.637;1164.17;918.349;926.603;424.928;582.669;516.75;636.816;820.696;605.705
2007-07-03;970.141;970.141;1160.29;928.714;936.949;427.598;591.868;528.536;647.158;825.856;610.308
2007-07-04;969.388;969.388;1173.23;930.589;938.743;439.87;589.927;525.729;653.758;830.898;617.552
2007-07-05;969.523;969.523;1173.23;925.667;933.761;439.887;588.195;522.398;653.015;829.299;616.799
2007-07-06;969.523;969.523;1173.23;925.667;933.761;439.87;588.195;522.398;653.015;829.299;616.79
2007-07-09;971.083;971.083;1178.86;925.177;933.764;444.176;595.732;527.299;680.24;840.255;624.322
2007-07-10;967.566;967.566;1181.8;927.939;936.959;446.987;599.717;531.661;678.57;842.306;628.062
2007-07-11;966.439;966.439;1168.44;924.686;933.354;455.827;595.867;528.068;672.367;834.671;630.849
2007-07-12;972.028;972.028;1172.92;923.836;932.355;455.851;595.22;525.689;670.411;835.292;631.157
2007-07-13;972.028;972.028;1172.92;923.836;932.355;455.827;595.237;525.704;670.411;835.298;631.148
2007-07-16;982.336;982.336;1147.8;930.505;939.459;452.717;595.017;525.284;667.24;825.981;628.704
2007-07-17;996.728;996.728;1158.48;935.909;944.153;451.074;587.36;515.087;660.366;825.825;628.091
2007-07-18;1002.63;1002.63;1155.04;945.02;953.852;455.253;577.79;505.934;662.245;821.239;628.25
2007-07-19;996.802;996.802;1155.04;947.807;955.617;455.265;576.665;504.154;655.386;819.412;627.386
2007-07-20;996.802;996.802;1155.04;947.93;955.741;455.265;576.673;504.161;655.368;819.415;627.388
2007-07-23;992.327;992.327;1145.66;938.854;945.873;451.115;569.242;496.01;657.699;812.287;621.111
2007-07-24;996.375;996.375;1156.45;932.626;938.221;457.42;574.377;501.922;657.055;818.769;627.743
2007-07-25;1016.28;1016.28;1188.63;934.653;940.251;461.879;573.583;500.784;654.341;830.835;634.745
2007-07-26;1017.94;1017.94;1188.21;935.244;940.69;461.903;572.165;500.167;651.97;830.087;634.401
2007-07-27;1017.94;1017.94;1188.21;935.244;940.69;461.903;572.072;500.085;651.952;830.051;634.384
2007-07-30;1020.35;1020.35;1180.57;934.966;939.903;455.427;551.387;480.37;652.833;820.112;625.209
2007-07-31;1020.34;1020.34;1187.01;934.596;939.947;456.254;559.101;488.772;654.799;826.583;629.175
2007-08-01;1025.28;1025.28;1178.5;936.732;941.472;456.029;553.387;481.546;651.104;819.28;625.735
2007-08-02;1020.44;1020.44;1178.5;942.456;945.892;456.036;554.226;485.455;649.864;820.715;626.422
2007-08-03;1020.44;1020.44;1178.5;942.456;945.892;456.023;554.211;485.441;649.846;820.707;626.412
2007-08-06;1018.45;1018.45;1169.77;947.625;952.183;464.148;555.047;483.384;647.709;816.086;628.987
2007-08-07;1022.41;1022.41;1179.35;957.088;960.921;466.954;556.747;484.678;646.654;820.768;631.161
2007-08-08;1026.62;1026.62;1184.92;970.52;972.471;466.655;558.829;487.605;646.858;824.232;631.037
2007-08-09;1025.15;1025.15;1184.5;984.542;986.427;466.624;560.6;489.078;648.434;825.261;631.511
2007-08-10;1025.15;1025.15;1184.5;984.414;986.299;466.618;560.577;489.058;648.443;825.251;631.503
2007-08-13;1018.73;1018.73;1164.96;985.523;987.512;479.662;562.34;493.347;645.389;818.915;633.643
2007-08-14;1020.34;1020.34;1179.06;977.245;978.572;479.16;561.234;492.887;646.423;824.363;635.005
2007-08-15;1031.25;1031.25;1188.64;979.548;981.354;476.655;557.227;487.945;645.413;826.389;635.99
2007-08-16;1041.83;1041.83;1188.64;974.724;976.095;476.655;548.642;476.992;633.524;820.145;633.015
2007-08-17;1041.83;1041.83;1190.32;974.724;976.095;476.667;548.649;476.998;633.489;820.831;633.348
2007-08-20;1061.92;1061.92;1191.12;957.825;962.042;484.231;540.945;469.27;634.064;817.741;637.616
2007-08-21;1076.85;1076.85;1190.14;950.405;954.525;483.607;536.645;465.645;638.587;816.443;636.655
2007-08-22;1068.95;1068.95;1185.37;943.956;947.876;484.859;525.324;452.446;641.311;809.362;633.135
2007-08-23;1062.56;1062.56;1185.79;954.082;958.854;484.847;543.822;471.029;641.423;817.279;636.9
2007-08-24;1062.56;1062.56;1185.79;954.082;958.854;484.853;543.807;471.016;641.432;817.275;636.901
2007-08-27;1058.64;1058.64;1198.15;957.577;962.566;486.414;554.35;483.014;636.549;825.428;641.591
2007-08-28;1065.18;1065.18;1208.95;953.699;959.682;489.785;558.991;488.045;639.077;831.258;644.424
2007-08-29;1063.02;1063.02;1200.66;954.524;959.604;494.482;553.853;482.613;638.877;826.024;641.168
2007-08-30;1063.02;1063.02;1200.66;958.106;963.002;494.495;554.662;482.937;639.312;826.316;641.313
2007-08-31;1063.02;1063.02;1200.66;958.106;963.002;494.495;554.662;482.937;639.312;826.316;641.313
2007-09-03;1059.22;1059.22;1206.24;957.509;962.251;483.518;556.676;483.078;648.306;829.894;636.981
2007-09-04;1061.37;1061.37;1204.68;962.141;965.268;477.425;558.848;482.798;654.25;830.323;633.053
2007-09-05;1061.39;1061.39;1206.56;961.474;962.946;475.241;556.267;482.648;658.661;831.837;633.593
2007-09-06;1054.4;1054.4;1221.03;959.814;961.495;475.291;553.266;480.666;663.018;836.396;635.814
2007-09-07;1054.4;1054.4;1221.24;959.814;961.495;475.291;553.394;480.777;663.137;836.549;635.888
2007-09-10;1055.23;1055.23;1194.3;953.482;953.998;481.345;546.152;473.087;659.659;821.982;632.678
2007-09-11;1052;1052;1201.52;956.184;956.954;472.433;548.515;475.866;661.007;826.018;630.521
2007-09-12;1049.86;1049.86;1203.94;958.138;958.649;472.926;549.377;476.866;665.869;828.342;632.203
2007-09-13;1048.97;1048.97;1207.63;958.248;958.636;472.882;547.508;475.598;664.968;828.636;632.323
2007-09-14;1048.97;1048.97;1206.77;958.248;958.636;472.882;547.628;475.701;664.958;828.342;632.181
2007-09-17;1037.97;1037.97;1215.54;956.123;956.521;473.504;547.543;474.815;665.031;830.339;633.481
2007-09-18;1038.79;1038.79;1220.6;960.647;961.202;476.11;548.872;476.309;667.259;833.512;636.854
2007-09-19;1039.69;1039.69;1210.57;971.801;973.261;477.433;554.409;482.989;674.411;834.21;637.198
2007-09-20;1044.29;1044.29;1214.18;983.161;985.845;478.454;555.15;483.66;682.061;837.509;639.291
2007-09-21;1044.29;1044.29;1214.62;982.65;985.333;478.339;555.15;483.66;682.249;837.694;639.323
2007-09-24;1042.4;1042.4;1227.18;991.475;993.135;477.347;556.542;482.886;681.251;841.853;641.604
2007-09-25;1048.13;1048.13;1228.21;1000.82;1003.39;480.529;559.233;484.787;683.88;843.629;642.636
2007-09-26;1038.28;1038.28;1226.38;1014.09;1015.95;482.287;559.415;484.056;688.971;843.766;641.2
2007-09-27;1047.27;1047.27;1224.25;1014.85;1016.59;482.416;559.249;484.581;702.708;844.886;641.803
2007-09-28;1047.27;1047.27;1224.69;1014.85;1016.59;482.416;559.31;484.634;702.699;845.081;641.897
2007-10-01;1040.43;1040.43;1226.35;1003.92;1005.34;478.83;567.019;490.399;737.299;852.646;643.458
2007-10-02;1042.9;1042.9;1237.79;1011.69;1013.3;478.405;573.078;497.364;761.621;864.011;650.064
2007-10-03;1058.6;1058.6;1244.24;1025.29;1027.44;473.331;574.663;499.809;747.164;866.13;648.744
2007-10-04;1056.63;1056.63;1238.23;1050.54;1053.12;473.141;578.957;504.576;746.289;866.491;648.826
2007-10-05;1056.63;1056.63;1238.67;1050.54;1053.12;473.154;578.98;504.597;746.289;866.675;648.921
2007-10-08;1060.78;1060.78;1240.62;1063.37;1065.95;472.438;586.025;512.263;752.059;871.731;653.407
2007-10-09;1066.24;1066.24;1233.35;1058.19;1060;475.699;592.702;520.737;753.113;872.812;657.889
2007-10-10;1051.57;1051.57;1235.95;1056.27;1058.87;482.507;596.983;525.653;756.997;876.36;663.917
2007-10-11;1054.77;1054.77;1246.56;1071.31;1075.19;481.92;596.951;525.624;755.107;880.501;665.623
2007-10-12;1054.77;1054.77;1246.56;1071.17;1075.05;481.926;596.942;525.617;755.004;880.479;665.616
2007-10-15;1054.87;1054.87;1245.45;1071.31;1075.19;481.92;605.953;535.774;755.097;884.535;667.571
2007-10-16;1055.5;1055.5;1257.29;1072.84;1076.73;481.611;617.607;541.349;755.253;891.675;670.864
2007-10-17;1081.16;1081.16;1253.72;1107.69;1113.59;481.636;628.77;547.757;768.349;896.151;673.038
2007-10-18;1076.31;1076.31;1254.23;1121.72;1129.58;481.669;649.57;552.246;790.855;902.061;675.907
2007-10-19;1076.31;1076.31;1255.13;1121.72;1129.58;481.604;649.579;552.253;790.855;902.419;676.048
2007-10-22;1085;1085;1246.94;1119.26;1125.68;495.827;674.79;561.909;788.893;903.322;685.821
2007-10-23;1069.29;1069.29;1254.04;1113.22;1118.92;494.768;680.016;565.976;792.54;907.998;686.117
2007-10-24;1070.75;1070.75;1258.56;1114.86;1120.67;497.433;690.69;572.421;796.455;913.105;688.543
2007-10-25;1061.66;1061.66;1248.99;1123.84;1130.77;497.247;689.224;569.822;796.934;908.572;686.262
2007-10-26;1061.66;1061.66;1249.44;1123.84;1130.77;497.779;689.562;570.101;797.504;908.957;686.713
2007-10-29;1060.13;1060.13;1220.36;1134.78;1143.06;517.119;697.108;583.372;828.117;907.647;700.105
2007-10-30;1069.02;1069.02;1186.65;1127.32;1135.29;513.347;696.047;584.005;848.72;897.785;691.432
2007-10-31;1067.09;1067.09;1199.11;1130.73;1139.32;522.781;708.986;598.4;849.965;909.446;700.382
2007-11-01;1086.64;1086.64;1213.2;1144.16;1153.62;522.774;722.997;615.904;866.995;925.853;708.302
2007-11-02;1086.44;1086.44;1213.42;1144.16;1153.62;522.781;722.997;615.904;866.995;925.936;708.345
2007-11-05;1092.4;1092.4;1197.37;1152.95;1161.31;541.464;735.722;635.562;889.055;932.256;716.291
2007-11-06;1092.43;1092.43;1196.4;1170.69;1177.9;550.007;739.443;645.065;854.226;930.93;719.729
2007-11-07;1081.95;1081.95;1187.04;1162.86;1169.77;553.447;712.016;624.034;864.684;918.877;716.634
2007-11-08;1071.44;1071.44;1168.69;1162.92;1170.46;553.565;696.863;608.548;860.808;904.358;709.679
2007-11-09;1071.74;1071.74;1170.38;1163.08;1170.61;553.447;696.91;608.59;860.689;905.034;709.947
2007-11-12;1068.32;1068.32;1141.06;1146.43;1153.46;559.54;705.381;619.126;859.438;898.252;715.534
2007-11-13;1060.26;1060.26;1128.83;1155.79;1163.6;565.869;699.749;612.488;868.668;892.029;715.267
2007-11-14;1066.9;1066.9;1144.8;1162.2;1168.69;564.631;698.747;613.274;858.514;897.179;716.516
2007-11-15;1074.2;1074.2;1159.32;1162.06;1168.74;565.917;704.024;621.336;864.65;906.776;721.797
2007-11-16;1074.2;1074.2;1159.32;1162.06;1168.74;568.322;704.523;621.777;864.65;906.97;723.097
2007-11-19;1065.07;1065.07;1177.05;1172.48;1179.34;567.02;707.55;627.544;860.143;915.629;723.648
2007-11-20;1051.67;1051.67;1192.91;1185.78;1193.4;578.326;707.343;619.457;859.222;918.394;729.244
2007-11-21;1050.38;1050.38;1196.33;1197.92;1205.83;585.883;695.393;605.479;854.291;913.309;729.568
2007-11-22;1046.99;1046.99;1197.31;1200.68;1209.35;587.482;683.475;592.312;845.952;906.691;727.158
2007-11-23;1046.79;1046.79;1198.84;1200.68;1209.35;588.898;684.677;593.354;846.313;907.802;728.392
2007-11-26;1031.09;1031.09;1166.6;1216.55;1225.65;593.472;683.986;590.984;841.538;893.48;722.354
2007-11-27;1036.42;1036.42;1159.19;1212.03;1221.12;581.585;664.489;570.708;843.33;881.927;710.73
2007-11-28;1045.18;1045.18;1142.76;1212.03;1221.12;588.312;659.63;568.359;840.903;874.247;708.071
2007-11-29;1070.05;1070.05;1122.63;1212.82;1221.91;588.947;675.54;583.894;839.254;872.681;707.623
2007-11-30;1070.05;1070.05;1120.79;1212.82;1221.91;588.312;677.832;585.875;839.254;872.831;707.387
2007-12-03;1060.04;1059.02;1135.21;1215.02;1218.48;601.165;674.896;583.338;821.915;874.536;717.059
2007-12-04;1046.06;1044.2;1139.79;1227.51;1231.15;601.454;692.637;599.994;818.051;883.144;720.143
2007-12-05;1039.81;1034.95;1137.55;1260.47;1264.14;608.569;702.824;611.346;826.959;889.594;727.356
2007-12-06;1040.98;1035.11;1145.65;1298.21;1304.97;607.611;705.497;614.053;842.29;897.602;729.369
2007-12-07;1040.98;1035.11;1145.65;1298.21;1304.97;607.595;705.69;614.22;842.278;897.674;729.382
2007-12-10;1050.31;1044.57;1153.77;1319.54;1322.07;636.884;721.586;618.795;849.451;905.348;752.741
2007-12-11;1072.47;1072.21;1143.91;1333.74;1338.27;675.269;730.813;628.374;846.531;906.448;779.794
2007-12-12;1101.54;1103.34;1141.14;1320.5;1323.85;692.934;729.216;623.398;845.923;902.666;790.697
2007-12-13;1104.53;1109.21;1141.96;1316.69;1321.7;692.934;725.782;621.403;844.239;902.232;790.547
2007-12-14;1104.44;1109.11;1139.89;1316.69;1321.7;692.934;725.801;621.417;844.239;901.448;790.277
2007-12-17;1104.44;1109.11;1150.45;1328.22;1335.06;711.937;720.302;614.675;841.262;901.828;803.319
2007-12-18;1092.64;1095.82;1150.87;1325.32;1332.25;711.937;722.669;618.67;841.262;903.739;803.979
2007-12-19;1091.85;1094.91;1151.5;1324.29;1331.21;712.013;722.402;618.457;841.436;903.863;804.074
2007-12-20;1091.94;1095.01;1150.03;1324.29;1331.21;712.032;722.476;618.516;841.447;903.337;803.905
2007-12-21;1091.85;1094.91;1150.87;1324.29;1331.21;711.634;722.476;618.516;841.47;903.658;803.741
2007-12-24;1106.64;1106.27;1165.21;1329.11;1335.74;731.546;740.531;634.895;856.792;919.423;823.059
2007-12-25;1117.3;1117.86;1156.94;1305.36;1313.9;715.347;752.525;646.882;856.363;921.285;812.487
2007-12-26;1123.13;1125.06;1148.97;1299.25;1306.69;714.717;755.735;648.622;853.521;918.804;811.156
2007-12-27;1125.24;1131.27;1162.72;1299.68;1303.87;715.689;750.314;641.869;854.015;920.819;812.524
2007-12-28;1125.24;1131.27;1164.42;1299.68;1303.87;715.689;752.487;645.359;854.015;923.173;813.336
2007-12-31;1137.92;1148.06;1163.39;1316.39;1321.7;702.184;744.087;641.387;848.771;920.677;803.23
2008-01-01;1137.92;1148.06;1163.39;1330.62;1335.5;680.493;744.087;641.387;848.771;921.027;788.284
2008-01-02;1126.89;1131.92;1177.12;1335.91;1342.09;681.75;755.969;652.545;852.749;931.777;792.893
2008-01-03;1147.96;1150.08;1186.3;1388.7;1400.95;681.768;764.115;658.93;856.316;940.728;795.994
2008-01-04;1147.96;1150.08;1186.74;1388.7;1400.95;681.768;763.699;658.247;856.316;940.559;795.935
2008-01-07;1167.37;1163.07;1221.37;1401;1413.05;735.129;775.913;668.147;899.983;965.472;841.558
2008-01-08;1161.78;1156.89;1225.9;1412.61;1425.23;730.126;774.227;666.904;938.841;971.958;840.321
2008-01-09;1165.34;1162.8;1234.09;1394.91;1407.99;732.788;766.215;660.587;943.291;972.503;842.382
2008-01-10;1164.39;1161.71;1235.45;1393.28;1406.34;732.974;766.235;660.603;941.995;972.789;842.609
2008-01-11;1164.39;1161.71;1236.13;1393.28;1406.34;732.983;765.819;659.919;941.995;972.712;842.589
2008-01-14;1158.32;1155.72;1264.43;1429.67;1444.94;737.492;781.026;672.539;956.292;992.656;852.541
2008-01-15;1159.2;1155.31;1290.4;1439.4;1455.37;735.406;793.282;681.138;962.722;1006.93;856.007
2008-01-16;1157.13;1154.56;1308.38;1416.73;1433.88;718.32;773.997;659.251;952.922;1000.34;841.84
2008-01-17;1166.48;1166.69;1297.92;1412.09;1426.91;718.071;765.438;654.53;945.858;993.343;839.253
2008-01-18;1166.48;1166.69;1296.5;1412.09;1426.91;718.205;765.379;654.482;945.767;992.768;839.147
2008-01-21;1166.48;1166.69;1261.96;1420.07;1433.54;641.561;709.719;601.483;892.188;947.575;770.612
2008-01-22;1170;1174.82;1234.06;1298.51;1308.73;578.848;659.526;558.23;816.283;902.584;711.725
2008-01-23;1170.23;1172.89;1250;1335.24;1347.98;577.88;720.012;613.218;850.7;941.358;724.481
2008-01-24;1154.74;1167.29;1250.54;1320.19;1333.62;577.88;710.925;603.129;845.035;936.032;722.643
2008-01-25;1154.74;1167.29;1251.23;1320.19;1333.62;577.919;710.662;602.216;845.859;935.964;722.647
2008-01-28;1154.75;1167.78;1258.19;1361.83;1378.58;576.777;702.074;588.935;848.044;933.238;720.887
2008-01-29;1145.57;1159.59;1268.47;1340.42;1357.81;585.154;698.412;587.016;830.258;932.445;726.408
2008-01-30;1143.15;1154.72;1278.48;1323.27;1341.96;593.793;701.239;587.754;834.239;936.77;733.89
2008-01-31;1158.95;1174.53;1280.09;1334.18;1353.5;593.92;703.97;587.532;841.512;938.545;734.59
2008-02-01;1158.95;1174.53;1280.33;1334.18;1353.5;593.92;704.169;587.689;841.501;938.709;734.646
2008-02-04;1167.05;1188.78;1305.42;1362.7;1379.38;600.405;730.849;612.545;908.11;970.913;750.288
2008-02-05;1202.14;1229.51;1310;1359.01;1376.46;600.9;731.797;613.878;902.195;972.87;751.27
2008-02-06;1205.57;1233.69;1301.4;1353.57;1370.72;583.018;713.813;595.724;901.122;960.911;734.785
2008-02-07;1206.9;1235.69;1310.44;1358.37;1376.01;583.018;722.128;597.227;899.958;965.07;736.218
2008-02-08;1206.9;1235.69;1310.2;1358.19;1375.83;583.018;721.732;596.56;899.859;964.634;736.068
2008-02-11;1217.01;1241.73;1291.01;1356.82;1373.24;543.356;697.647;572.32;892.43;944.49;701.596
2008-02-12;1219.69;1244.86;1289.94;1364.12;1378.91;560.237;699.651;573.325;875.687;943.197;712.852
2008-02-13;1224.14;1248.89;1287.23;1378.32;1394.57;563.116;701.659;573.835;880.706;943.257;714.887
2008-02-14;1236.57;1257.09;1285.21;1381.37;1398.38;563.116;712.901;586.403;887.293;949.929;717.186
2008-02-15;1235.61;1256;1285.68;1381.37;1398.38;563.116;713.712;587.751;887.293;950.757;717.471
2008-02-18;1234.77;1260.01;1289;1393.17;1407.47;602.361;708.277;587.4;887.219;952.156;745.193
2008-02-19;1254.96;1276.14;1294.84;1402.29;1414.04;608.757;708.948;586.966;886.763;954.909;750.565
2008-02-20;1265.36;1292.27;1302.42;1409.43;1417.13;626.72;719.471;597.336;886.385;962.538;765.696
2008-02-21;1268.68;1293.05;1297.51;1425.52;1434.74;626.728;732.757;609.703;885.347;967.76;767.502
2008-02-22;1268.68;1293.05;1299.17;1425.52;1434.74;626.72;732.757;609.703;885.371;968.398;767.716
2008-02-25;1252.44;1278.47;1298.69;1453.46;1466.25;642.286;733.315;608.448;886.666;968.441;778.457
2008-02-26;1261.64;1285.92;1298.93;1468.9;1482.68;637.991;735.741;607.93;893.78;969.777;775.918
2008-02-27;1268.39;1286.14;1317.32;1471;1484.81;636.413;733.052;604.515;905.687;977.538;777.519
2008-02-28;1277.15;1297.7;1327.71;1477.01;1491.43;637.246;734.253;605.287;926.889;984.765;780.586
2008-02-29;1276.84;1297.35;1328.93;1477.01;1491.43;637.263;733.857;604.62;927.655;985.009;780.682
2008-03-03;1265.22;1286.02;1326.47;1484.72;1499.98;609.131;714.273;585.553;917.056;973.846;757.296
2008-03-04;1273.95;1293.54;1329.96;1492.53;1507.96;620.652;724.2;593.983;924.379;980.671;767.635
2008-03-05;1274.23;1290.52;1323.38;1526.29;1541.42;617.908;718.948;590.83;927.483;978.421;764.951
2008-03-06;1280.3;1299.05;1333.58;1521.91;1536.38;617.892;722.014;592.686;922.805;982.974;766.509
2008-03-07;1280.3;1299.05;1334.07;1521.91;1536.38;617.727;721.519;591.589;922.805;982.619;766.272
2008-03-10;1293.09;1312.89;1324.29;1496.46;1507.95;601.867;713.269;586.998;906.579;973.819;752.26
2008-03-11;1295.02;1311.22;1330.55;1511.32;1525.66;610.996;706.279;582.615;907.497;974.488;758.815
2008-03-12;1299.67;1314.09;1319.55;1521.04;1535.39;611.772;714.882;590.489;916.594;975.378;759.671
2008-03-13;1301.57;1312.38;1330.69;1522.9;1537.7;612.818;706.129;580.396;914.876;974.63;760.129
2008-03-14;1301.57;1312.38;1332.92;1524.68;1539.5;612.834;707.09;581.857;914.851;976.243;760.702
2008-03-17;1283.76;1292.65;1315.48;1501.91;1516.96;586.199;679.755;553.817;900.29;953.203;734.371
2008-03-18;1263.47;1273.3;1315.15;1484.41;1498.28;589.251;681.481;558.318;892.251;953.275;736.505
2008-03-19;1267.59;1277.68;1331.72;1497.36;1511.38;586.135;688.383;563.984;897.446;963.551;737.944
2008-03-20;1267.59;1277.68;1331.22;1494.61;1509.2;586.135;688.401;563.997;864.171;958.654;736.239
2008-03-21;1267.59;1277.68;1331.22;1494.61;1509.2;586.135;688.401;563.997;864.171;958.654;736.239
2008-03-24;1249.78;1260.05;1306.61;1479.98;1493.4;578.099;672.139;551.598;839.295;940.004;724.192
2008-03-25;1243.53;1254.79;1283.48;1478.64;1492.13;584.224;681.619;558.38;827.28;932.835;725.907
2008-03-26;1257.18;1270.54;1262.8;1464.82;1479.13;578.676;686.097;562.36;842.158;928.618;720.625
2008-03-27;1264.42;1278.13;1270.03;1433.04;1446.12;578.522;680.504;556.728;838.887;927.756;720.22
2008-03-28;1264.42;1278.13;1268.6;1433.04;1446.12;578.507;682.061;559.369;838.887;928.486;720.463
2008-03-31;1288.03;1305.92;1235.23;1425.8;1435.31;562.472;670.314;554.517;830.501;910.953;703.337
2008-04-01;1298.78;1318.22;1237.02;1426.82;1439.48;560.905;678.998;560.746;838.588;915.731;703.921
2008-04-02;1317.11;1338.13;1256.53;1444.1;1455.41;574.624;686.864;567.004;841.273;926.318;717.03
2008-04-03;1317.04;1333.26;1268;1458.74;1469.26;574.609;693.962;573.15;847.87;935.109;720.081
2008-04-04;1317.04;1333.26;1268;1458.74;1469.26;574.609;694.392;573.842;848.453;935.528;720.227
2008-04-07;1305.96;1323.28;1258.92;1501.98;1514.74;590.491;693.571;572.52;870.082;935.311;731.078
2008-04-08;1302.21;1320.58;1267.28;1521.04;1535.39;593.654;691.361;569.26;877.792;938.205;734.279
2008-04-09;1293.09;1309.48;1267.14;1508.1;1521.01;599.6;693.919;570.398;890.121;940.075;739.063
2008-04-10;1299.69;1317.62;1279.77;1519.36;1532.57;599.584;699.891;571.531;918.298;949.545;742.308
2008-04-11;1299.69;1317.62;1280.49;1519.36;1532.57;599.576;699.507;570.875;918.487;949.532;742.298
2008-04-14;1290.05;1307.44;1271.25;1541.7;1556.65;605.148;693.376;567.057;939.579;948.566;745.81
2008-04-15;1290.05;1307.44;1263.79;1536.15;1550.17;599.188;698.795;571.542;981.55;953.487;743.352
2008-04-16;1282.53;1299.5;1270.42;1543.2;1555.88;605.549;703.792;577.02;1006.72;962.668;750.926
2008-04-17;1282.14;1293.62;1263.94;1547.05;1560.83;605.581;709.53;583.659;1044.53;969.252;753.212
2008-04-18;1282.14;1293.62;1262.75;1547.05;1560.83;605.581;710.645;585.599;1044.59;969.744;753.382
2008-04-21;1280.06;1293.75;1255.69;1564.06;1578.49;603.897;726.899;602.739;1023.68;972.439;753.112
2008-04-22;1268.77;1279.82;1246.57;1562.44;1576.66;607.136;734.264;613.738;1021.9;974.2;755.973
2008-04-23;1264.29;1274.65;1244.19;1559.12;1569.03;610.549;730.317;608.956;1031.53;972.46;757.739
2008-04-24;1259.29;1269.84;1221.38;1570.25;1578.54;610.549;732.462;611.354;1028.24;964.788;755.101
2008-04-25;1259.29;1269.84;1221.38;1570.25;1578.54;610.533;732.827;611.995;1028.22;965.099;755.197
2008-04-28;1240.31;1244.71;1208.21;1596.05;1607.51;620.393;727.965;605.484;1019.69;956.211;759.031
2008-04-29;1243.38;1248.85;1229.7;1566.11;1578.18;632.153;727.672;604.156;1024.18;963.699;769.77
2008-04-30;1242.95;1244;1220.97;1559.2;1571.7;631.488;727.367;605.096;1024.21;960.564;768.241
2008-05-01;1242.95;1244;1226.76;1567.06;1580.19;631.547;734.347;610.389;1024.94;965.833;770.094
2008-05-02;1242.95;1244;1225.84;1566.86;1579.99;631.421;734.731;611.045;1025.2;965.826;770.004
2008-05-05;1222.78;1217.39;1237.14;1550.52;1562.4;628.355;739.076;618.171;1029.79;973.642;770.558
2008-05-06;1219.78;1216.28;1243.62;1571.31;1585.33;622.511;735.819;614.918;1051.09;977.845;767.935
2008-05-07;1208.91;1200.58;1232.04;1584.06;1598.85;611.491;733.249;612.781;1056.82;973.404;758.76
2008-05-08;1201.6;1192.03;1229.34;1569.58;1585.03;611.491;733.614;610.992;1054.91;970.573;757.783
2008-05-09;1201.69;1192.14;1229.8;1569.58;1585.03;611.483;733.239;610.344;1055.04;970.458;757.738
2008-05-12;1236.82;1226.63;1214.92;1572.87;1589.69;601.126;732.177;610.169;1060.71;965.635;748.903
2008-05-13;1229.18;1218.52;1202.83;1578.28;1594.72;611.102;726.998;606.197;1066.1;960.343;753.996
2008-05-14;1229.18;1218.52;1202.83;1568.63;1585.56;613.25;723.741;602.928;1070.55;959.185;755.128
2008-05-15;1251.58;1246.23;1203.73;1574.69;1591.05;613.25;722.108;601.175;1068.56;958.796;754.995
2008-05-16;1251.58;1246.23;1203.96;1574.69;1591.05;613.25;722.858;602.472;1068.5;959.505;755.237
2008-05-19;1266.34;1263.13;1204.34;1574.16;1590.84;598.774;717.236;597.284;1084.33;959.295;745.022
2008-05-20;1272.05;1266.18;1209.52;1574.57;1591.33;601.832;713.605;593.409;1107.32;962.94;748.407
2008-05-21;1291.58;1290.33;1207.84;1583.4;1600.73;601.556;709.257;591.845;1099.42;960.856;747.514
2008-05-22;1295.88;1282.69;1204.38;1593.05;1611.29;601.54;717.901;600.198;1078.03;960.683;747.444
2008-05-23;1295.88;1282.69;1204.83;1593.05;1611.29;601.54;716.805;598.275;1077.82;959.898;747.175
2008-05-26;1282.45;1267.84;1195.66;1597.7;1615.3;595.134;719.409;599.477;1075.43;957.351;741.822
2008-05-27;1286.47;1274.15;1179.55;1596.77;1613.23;591.182;718.943;599.405;1085.46;952.71;737.471
2008-05-28;1287.01;1274.81;1173;1613.47;1627.13;591.531;718.547;598.203;1074.45;948.904;736.441
2008-05-29;1284.47;1274.61;1176.08;1620.4;1634.22;591.539;722.874;603.844;1077.3;953.86;738.136
2008-05-30;1284.37;1274.49;1178.07;1620.61;1634.43;591.523;723.277;604.515;1077.09;954.942;738.495
2008-06-02;1292.14;1283.6;1226.33;1636.68;1652.11;594.426;737.257;615.652;1083.15;980.162;749.714
2008-06-03;1302.79;1291.79;1232.14;1645.91;1660.82;592.868;737.527;615.663;1084.05;985.074;750.507
2008-06-04;1316.17;1305.36;1229.75;1676.45;1690.9;603.315;740.607;618.005;1086.16;986.038;757.686
2008-06-05;1321.47;1315.01;1233.2;1695.57;1710.63;603.299;742.79;618.744;1090.15;989.208;758.845
2008-06-06;1321.47;1315.01;1235.53;1695.57;1710.63;603.331;742.809;618.759;1090.3;990.195;759.23
2008-06-09;1341.16;1323.73;1223.63;1671.73;1687.09;613.431;736.647;612.695;1120.11;984.839;763.852
2008-06-10;1326.19;1314.61;1219.71;1678.54;1694.15;614.079;731.749;606.963;1129.2;980.731;762.76
2008-06-11;1320.33;1308.89;1221.66;1690.5;1704.9;610.148;733.097;607.996;1138.13;982.75;760.937
2008-06-12;1323.28;1312.7;1208.77;1670.79;1683.71;610.14;726.455;602.446;1125.12;973.609;757.561
2008-06-13;1323.28;1312.7;1208.31;1670.57;1683.49;610.156;726.144;601.741;1125.14;973.11;757.387
2008-06-16;1315.33;1306.14;1213.1;1632.41;1644.55;617.994;731.558;605.723;1128.97;975.186;763.272
2008-06-17;1317.56;1304.37;1227;1631.57;1644.2;619.646;721.234;598.331;1117.66;976.396;764.799
2008-06-18;1304.99;1296.5;1220.99;1615.26;1628.4;615.366;719.885;599.197;1107.78;972.903;760.712
2008-06-19;1309.01;1296.11;1214.03;1588.05;1598.39;615.382;716.938;596.856;1089.21;965.196;757.888
2008-06-20;1309.01;1296.11;1216.09;1588.05;1598.39;615.399;717.38;597.663;1089.21;966.396;758.34
2008-06-23;1294.99;1285.42;1226.56;1611.95;1623.68;617.048;713.583;592.732;1109.49;970.756;761.024
2008-06-24;1303.21;1292.34;1222.74;1595.74;1607.57;613.233;706.813;585.691;1096.04;964.751;756.317
2008-06-25;1291.95;1285.21;1209.89;1588.26;1600.79;603.105;702.166;584.019;1089.78;957.496;746.957
2008-06-26;1294.84;1290.81;1209.64;1589.75;1602.49;603.089;701.927;584.755;1068.71;956.01;746.411
2008-06-27;1294.84;1290.81;1211.47;1589.75;1602.49;603.105;701.946;584.769;1068.73;956.773;746.697
2008-06-30;1295.67;1295.61;1195.87;1576.2;1584.31;586.554;700.788;582.689;1069.33;950.245;733.323
2008-07-01;1292.52;1294.31;1200.85;1587.28;1596.62;589.203;714.82;591.297;1082.82;957.571;737.73
2008-07-02;1293.1;1294.14;1193.23;1594.61;1606.64;593.651;721.467;594.81;1092.89;956.66;740.362
2008-07-03;1291.59;1294.04;1186.69;1605.37;1616.6;593.651;716.394;588.75;1091.56;951.643;738.552
2008-07-04;1291.59;1294.04;1185.34;1605.37;1616.6;593.667;716.375;588.735;1091.56;951.082;738.36
2008-07-07;1288.86;1288.66;1169.94;1633.92;1644.96;590.945;704.142;575.736;1075.2;937.777;731.748
2008-07-08;1288.22;1288.75;1159.26;1633.75;1646.75;577.62;698.745;568.457;1068.88;930.005;720.073
2008-07-09;1271.99;1279.86;1133.61;1616.9;1628.36;557.306;701.259;571.708;1065.03;918.96;702.565
2008-07-10;1274.09;1282.58;1144.52;1622.94;1635.01;559.536;698.016;568.767;1054.63;920.622;704.649
2008-07-11;1274.09;1282.58;1145.82;1622.94;1635.01;557.306;698.346;569.487;1054.67;921.473;703.471
2008-07-14;1261.04;1274.08;1135.54;1635.42;1645.02;564.302;692.251;565.853;1057.33;916.404;706.3
2008-07-15;1249.88;1266.16;1129.54;1637.18;1647.12;542.165;688.782;559.7;1049.78;911.215;689.691
2008-07-16;1250.83;1268.31;1110.87;1628.9;1638.82;551.573;678.941;552.557;1038.8;899.393;691.721
2008-07-17;1246.92;1262.33;1125.11;1621.26;1630.54;551.014;678.411;551.233;1039.4;904.105;693.043
2008-07-18;1246.92;1262.33;1123.84;1621.26;1630.54;551.014;678.09;550.502;1039.39;903.264;692.74
2008-07-21;1253.78;1267.48;1162.48;1598.45;1607.3;567.888;689.474;561.396;1054.74;924.094;711.498
2008-07-22;1260.14;1271.98;1151.84;1584.61;1591.39;567.551;690.579;561.582;1059.5;919.332;709.56
2008-07-23;1255.09;1266.38;1161.49;1589.78;1599.07;567.049;705.545;577.26;1052.04;928.85;712.648
2008-07-24;1250.55;1263.3;1181.82;1589.78;1599.07;567.042;705.789;577.804;1055.59;937.871;715.887
2008-07-25;1250.55;1263.3;1182.71;1589.78;1599.07;567.042;706.402;579.244;1055.58;938.851;716.24
2008-07-28;1248.28;1252;1176.65;1517.08;1524.71;547.958;701.528;575.445;1049.92;931.98;701.026
