%Y-%m-%d;beta0;beta1;beta2;tau1;beta3;tau2
1972-09-01;8.58387;30;-29.8845;0.36495;-13.912;0.36543
1972-10-01;8.52889;29.58953;28.98429;0.00481;-7.48676;0.26523
1972-11-01;8.80418;29.92019;-20.51146;0.51241;-30;0.24715
1972-12-01;9.43739;-7.46531;-20.48638;1.2951;28.55031;1.0182
1973-01-01;11.61329;-4.48145;-8.47201;0.52885;-7.08296;4.69237
1973-02-01;11.4554;13.02996;-30;0.39174;-7.29206;5.24815
1973-03-01;11.44706;-6.15884;28.95551;2.46182;-30;3.09107
1973-04-01;8.90814;-12.64824;-10.75908;0.58485;30;0.4254
1973-05-01;10.36056;21.01261;-30;0.12923;-2.28758;3.54882
1973-06-01;10.30138;19.20941;-24.00549;0.44307;-1.48525;1.65952
1973-07-01;10.28803;-0.75852;-29.29636;1.69725;30;1.54753
1973-08-01;9.45106;-1.7669;-30;0.00685;-8.08538;0.01089
1973-09-01;9.59896;30;30;0.02152;-15.45649;0.09899
1973-10-01;9.44673;-29.08596;30;0.19653;-30;0.01996
1973-11-01;10.43546;0.99556;-2.49649;1.83575;-2.80698;1.8355
1973-12-01;10.61079;2.12365;-1.81761;1.39298;-5.90079;1.40155
1974-01-01;6.48418;3.15442;30;5.40143;-24.81542;4.35549
1974-02-01;12.02109;-1.05923;-3.28653;2.8013;-1.69805;2.81055
1974-03-01;11.06112;-1.21315;-30;1.16008;28.33333;1.0842
1974-04-01;10.99285;-1.22774;28.59509;1.18632;-30;1.26113
1974-05-01;11.01159;11.30677;-30;0.16399;30;0.02584
1974-06-01;12.87856;19.85707;-30;0.31596;-6.77646;2.07747
1974-07-01;12.8814;-3.3498;-1.47883;2.18805;-2.67353;2.1863
1974-08-01;12.89372;-3.17628;-1.23712;2.66876;-2.54253;2.69818
1974-09-01;12.30008;-2.44785;-2.61271;1.85613;-1.14738;1.86477
1974-10-01;13.67133;-4.67172;-2.69482;2.2701;-8.12225;30
1974-11-01;11.30768;-1.91948;-3.0472;1.17281;-2.15114;1.16793
1974-12-01;10.73064;-1.82234;-3.11141;1.30525;-0.36643;1.31588
1975-01-01;10.35981;-1.54463;-3.05494;0.98556;-4.16007;1.00195
1975-02-01;10.6168;-3.79682;-2.86949;1.14062;-3.48496;1.13985
1975-03-01;10.76113;-4.29013;-3.17974;1.17768;-2.69615;1.16764
1975-04-01;9.9246;7.99037;-14.61096;0.70083;-30;0.13281
1975-05-01;5.45133;-0.47461;30;3.40248;-20.18912;2.51794
1975-06-01;5.47248;-0.73778;-18.82457;3.4628;30;4.11434
1975-07-01;5.41661;-1.08874;-18.41577;3.21382;30;3.85805
1975-08-01;5.41584;-0.8133;12.38268;5.27298;-5.28201;0.07108
1975-09-01;9.72068;-4.86431;-3.71621;0.95761;-0.51022;0.95786
1975-10-01;9.88928;8.92943;-21.30239;0.53952;-30;0.04499
1975-11-01;5.48951;0.44957;-22.7207;1.87399;30;2.69801
1975-12-01;6.76335;-0.65202;-27.00772;1.58075;30;2.14015
1976-01-01;8.64535;-3.08662;-30;1.21976;27.05789;1.46023
1976-02-01;7.23516;-2.67977;-27.49036;1.69849;30;2.16613
1976-03-01;4.9021;8.56109;-14.91085;0.32836;12.01798;5.62281
1976-04-01;9.43802;-5.79386;-7.53866;0.69663;23.60207;0.00925
1976-05-01;9.84139;8.97539;-9.5681;0.88636;-30;0.30294
1976-06-01;9.69157;-10.15945;-0.02045;1.01703;28.912;0.06174
1976-07-01;9.74648;-6.71418;28.06884;0.62468;-30;0.72024
1976-08-01;9.45017;2.43187;-5.00876;1.19411;-18.61727;0.25419
1976-09-01;8.88895;9.47395;-11.40558;0.54277;-30;0.1438
1976-10-01;8.64208;-3.88322;-1.48797;0.70009;-1.80299;0.69967
1976-11-01;10.0586;-5.55483;-5.26198;0.90632;-10.70661;30
1976-12-01;10.49528;-2.48784;-11.82393;0.53564;-6.61488;5.46153
1977-01-01;4.45537;-9.90928;10.28686;0.14825;9.9296;5.13731
1977-02-01;4.25212;-0.94452;1.72329;0.62783;10.34149;5.4303
1977-03-01;9.13587;-4.31247;-5.99417;0.66806;-4.63308;4.63491
1977-04-01;9.57731;-4.65134;-6.69514;0.74367;-6.65153;5.40838
1977-05-01;9.64251;-4.23213;-7.86138;0.68331;-6.69287;4.41296
1977-06-01;9.5594;-4.04906;-8.43525;0.65719;-6.57265;4.34114
1977-07-01;7.90583;-3.86451;1.51987;2.71503;-2.60013;2.70254
1977-08-01;7.79534;-4.874;-0.10844;0.44595;-6.71694;1.52863
1977-09-01;3.22195;0.16265;11.51603;9.51515;1.12377;0.63504
1977-10-01;7.76578;-4.41445;25.79185;1.3747;-28.53104;1.48039
1977-11-01;7.43363;-4.69248;28.01707;1.0042;-30;1.11298
1977-12-01;7.50556;-5.84373;27.24271;1.03424;-28.00888;1.21037
1978-01-01;8.64076;5.51453;-11.61547;2.38237;-24.97434;0.44461
1978-02-01;8.752;-6.12024;-30;2.53191;27.14133;2.2347
1978-03-01;8.64162;-6.0962;13.12549;30;3.94383;1.98151
1978-04-01;2.94068;-0.77307;1.7298;0.8619;11.1521;9.31976
1978-05-01;7.21685;15.96377;-29.46818;0.31236;-3.34843;2.38345
1978-06-01;7.22348;2.5556;-13.32291;0.35077;-2.91991;2.45048
1978-07-01;7.42148;14.91322;-30;0.26074;-1.83406;3.34924
1978-08-01;7.31613;-4.95044;30;1.67923;-27.79407;1.85759
1978-09-01;7.23597;-4.59413;26.44964;1.80477;-24.7336;1.96219
1978-10-01;7.50038;11.23816;-27.53229;0.20705;-2.7503;2.12523
1978-11-01;7.18624;-6.07318;0.02235;0.89208;29.53489;0.02357
1978-12-01;3.60682;2.4813;7.1767;11.76835;-8.91021;0.25801
1979-01-01;7.83452;-6.98788;30;0.95176;-27.48488;1.05126
1979-02-01;8.53868;2.56803;-17.22535;0.27403;-3.18915;2.78803
1979-03-01;9.18908;12.71863;-30;0.25699;-4.84987;3.62832
1979-04-01;9.84998;10.63451;-26.03235;0.22508;-6.64573;3.56038
1979-05-01;8.85848;-3.53192;-1.54466;0.37714;-2.45292;2.81839
1979-06-01;9.37534;-4.59744;-1.43877;0.37076;-3.80123;3.57958
1979-07-01;9.41749;14.82138;-30;0.11422;-5.23808;3.98814
1979-08-01;9.40496;4.61222;-13.10592;0.2075;-5.69172;4.33429
1979-09-01;7.36409;19.53572;-30;0.05709;4.23058;0.34094
1979-10-01;8.01874;-0.07277;11.72373;0.71329;-10.42146;0.78958
1979-11-01;4.85733;3.87925;30;8.94042;-26.15317;7.15225
1979-12-01;8.15407;1.91659;-2.90836;2.08424;-3.11832;0.28161
1980-01-01;8.01376;1.89862;22.69361;0.35638;-24.66947;0.3213
1980-02-01;8.88182;14.23093;-4.11444;0.44959;-30;0.14215
1980-03-01;9.66662;-10.76707;7.55988;0.38575;30;0.06824
1980-04-01;9.013;1.11848;-1.391;1.85425;-0.31871;1.86041
1980-05-01;8.12144;2.38033;-1.28464;1.23937;-0.39355;1.23993
1980-06-01;7.98972;14.66219;-7.99773;0.72242;-30;0.16763
1980-07-01;4.65184;4.0662;-25.54143;3.70788;30;4.51156
1980-08-01;6.57689;2.35893;-28.95406;2.31586;30;2.6192
1980-09-01;5.84764;3.7996;0.0612;0.72717;7.08067;4.90778
1980-10-01;5.10701;4.16453;1.25254;0.71036;10.05689;4.69936
1980-11-01;8.60054;1.30322;0.45189;0.20205;0.38759;0.10513
1980-12-01;8.88413;-30;30;0.11196;4.7511;0.1121
1981-01-01;5.62487;2.33503;7.36782;5.61851;4.12685;0.2961
1981-02-01;7.12518;5.40662;-0.00098;0.89808;8.92795;4.61031
1981-03-01;6.09716;6.1771;8.93306;0.36061;10.42876;4.04694
1981-04-01;7.98177;7.16419;-0.02019;3.77028;-9.23175;0.82797
1981-05-01;6.81277;6.03813;0.16862;7.51186;26.25048;0.00814
1981-06-01;6.46156;6.06207;6.37891;0.64771;9.46507;3.61266
1981-07-01;6.60146;5.49605;9.29594;0.34585;12.06042;2.64944
1981-08-01;6.58268;5.61675;10.54911;0.33653;12.85135;2.51489
1981-09-01;6.43266;5.36566;-7.98965;30;2.81308;0.2022
1981-10-01;6.19831;6.26882;30;3.0555;-26.37804;2.431
1981-11-01;6.61308;3.88139;-25.48868;3.8297;30;4.50584
1981-12-01;8.63685;2.37749;8.52308;3.05508;-8.61956;2.41718
1982-01-01;6.5739;2.49197;5.23232;9.12243;3.6208;0.41457
1982-02-01;6.47027;3.1859;3.6401;16.92767;30;0.01018
1982-03-01;5.89088;3.02302;5.2091;8.67442;6.98634;0.04826
1982-04-01;7.71144;0.07362;3.86556;0.25402;2.9162;3.67184
1982-05-01;5.32571;3.55096;-23.59253;3.61968;30;4.17484
1982-06-01;7.45298;2.04506;-0.02029;1.37018;5.13749;4.50548
1982-07-01;8.60792;1.25576;11.94495;1.20226;-12.05234;0.99432
1982-08-01;8.89626;1.18026;-0.45576;0.30822;-2.25332;0.31054
1982-09-01;8.3676;1.9121;-30;0.67755;25.90317;0.77083
1982-10-01;8.12247;0.03326;28.20717;0.96086;-30;0.898
1982-11-01;8.00298;0.84309;26.48077;0.80301;-29.92937;0.70727
1982-12-01;7.83554;0.6646;-28.47478;0.70839;23.80751;0.8188
1983-01-01;8.41212;11.97287;-14.6937;0.38412;-30;0.0884
1983-02-01;7.98034;-2.27468;-30;0.85717;27.92235;0.91692
1983-03-01;8.09665;-1.16592;-30;0.78652;23.85758;0.87475
1983-04-01;8.27513;1.55465;-6.73087;0.3942;-4.99483;0.39302
1983-05-01;8.57738;-10.40282;-20.76027;0.27567;30;0.18481
1983-06-01;8.21168;-17.09654;9.19417;0.78087;30;0.17705
1983-07-01;11.28122;-6.25459;27.2955;2.93297;-28.58207;3.78616
1983-08-01;11.52522;-6.2592;28.59901;2.69385;-30;3.37334
1983-09-01;11.35002;-6.20385;28.4495;2.34036;-30;2.99105
1983-10-01;11.03959;-3.82551;-8.5271;0.3479;-7.57211;3.67606
1983-11-01;10.91779;-3.29597;-7.94107;0.39981;-6.67884;4.12624
1983-12-01;11.35778;-2.92914;-9.69047;0.36296;-8.26682;4.3295
1984-01-01;8.68724;-2.97444;-6.93298;0.67405;5.38968;0.74091
1984-02-01;8.71895;-2.14634;-0.00096;1.69761;-3.12468;0.30819
1984-03-01;8.86027;-2.73015;-3.48397;0.82595;-0.1045;0.11079
1984-04-01;8.83761;10.55272;-12.82509;0.53324;-30;0.11817
1984-05-01;8.8541;10.1805;-11.56947;0.50845;-30;0.10704
1984-06-01;8.75961;-4.5068;0.07071;1.07232;3.63247;0.23434
1984-07-01;8.96497;-3.30308;5.72325;1.51891;-5.24752;1.7659
1984-08-01;8.69133;-1.54924;-0.0059;3.32938;-3.89798;0.28658
1984-09-01;8.46413;-2.82602;-0.59797;1.27023;-0.53653;1.26467
1984-10-01;8.14693;-3.026;-1.0016;1.32665;1.80633;0.18289
1984-11-01;7.84602;-1.76384;-2.29838;0.92946;-0.94389;0.92639
1984-12-01;7.81535;-1.98234;-3.2678;0.83208;-0.30458;0.83129
1985-01-01;7.86801;-1.19448;-2.72998;0.69152;-1.55334;0.6926
1985-02-01;8.34687;-2.68132;29.76557;0.9875;-30;1.04959
1985-03-01;7.65725;-8.63322;30;0.14323;-22.62471;0.20215
1985-04-01;7.9249;-2.57353;11.99886;0.92437;-12.80437;1.00661
1985-05-01;4.08175;1.38203;30;3.80245;-22.02443;3.21714
1985-06-01;3.98313;1.28425;-21.62615;3.40489;30;4.08634
1985-07-01;8.10105;-3.25984;-0.21965;2.37259;-0.66704;2.32636
1985-08-01;7.23764;-2.23673;-2.68773;0.80166;-1.61743;0.79333
1985-09-01;7.29901;-1.45866;-2.39484;1.20341;-3.89662;0.33732
1985-10-01;7.46523;-1.84689;-2.70145;0.66076;-1.84906;0.65654
1985-11-01;7.37686;-2.03503;-2.4604;0.70224;-2.16779;0.70294
1985-12-01;7.11068;12.30286;-13.46967;0.51588;-30;0.11954
1986-01-01;7.24495;8.71512;-12.22849;0.59624;-24.52445;0.12474
1986-02-01;6.70322;11.58027;-12.60855;0.52021;-30;0.11895
1986-03-01;6.41518;-2.64556;-30;0.49451;27.45474;0.44413
1986-04-01;6.14812;-1.79082;-30;0.56238;27.2102;0.5237
1986-05-01;6.66779;-1.49729;-3.7658;0.73028;-0.77919;0.2233
1986-06-01;6.48797;1.34331;-6.17152;0.57621;-9.04953;0.06942
1986-07-01;6.54312;6.98949;-10.15596;0.64515;-19.05965;0.12418
1986-08-01;6.36505;-1.6615;-1.90095;0.95357;-1.17516;0.95678
1986-09-01;6.87715;-1.55865;-3.76043;0.89444;-1.14837;0.91236
1986-10-01;7.18973;-1.9652;-3.89112;0.9143;-1.05398;0.91216
1986-11-01;6.62667;-2.17821;-30;0.57893;26.98903;0.53709
1986-12-01;6.69507;-1.71675;-30;0.63107;26.47159;0.58284
1987-01-01;6.87385;-2.83999;-1.99315;1.09198;-1.54942;1.08767
1987-02-01;7.20067;0.2435;-7.82503;0.15759;-7.35923;1.00556
1987-03-01;6.67336;-2.56869;-30;0.73872;25.55816;0.67419
1987-04-01;6.80523;-2.58519;-1.3756;1.13057;-3.36818;1.13011
1987-05-01;7.02026;-2.95459;-4.73784;1.325;-6.54512;0.01389
1987-06-01;7.57716;-2.26148;-7.48719;1.09162;-29.96601;0.01204
1987-07-01;7.97876;-3.78467;-0.00032;2.87929;-2.6066;1.05119
1987-08-01;7.92815;-3.72079;7.69639;2.11087;-10.33766;1.86574
1987-09-01;8.3539;-3.07376;-3.89983;0.31593;-7.9635;1.23766
1987-10-01;7.70614;-4.22125;-0.01045;2.2488;-0.13892;0.66746
1987-11-01;10.26452;-6.53055;-5.44099;1.63859;-6.33045;9.71266
1987-12-01;8.19765;-4.30879;-1.97578;1.40924;-3.57865;1.41226
1988-01-01;5.78726;-2.71861;3.39744;10.0146;7.26178;10.01396
1988-02-01;8.3782;-4.65752;0.00049;3.58252;-2.87316;0.84993
1988-03-01;8.58867;-4.6167;0.00213;4.21427;-2.98772;0.75985
1988-04-01;8.44178;-5.39385;-2.92181;1.93618;30;0.0034
1988-05-01;8.51102;-5.13623;29.73494;4.35227;-28.10198;4.22896
1988-06-01;10.49843;-6.31878;-28.23911;15.12138;30;12.46161
1988-07-01;8.38577;-3.98036;-3.04076;2.10132;2.67566;0.64168
1988-08-01;8.31382;-2.8577;-2.42719;0.38876;-5.26933;2.16006
1988-09-01;10.36565;-5.12596;-3.43212;2.53026;-6.06568;11.17556
1988-10-01;8.35387;-3.41892;0.0036;6.36957;-0.75822;1.74825
1988-11-01;8.16388;-2.74543;0.00567;5.67218;-1.67473;1.02721
1988-12-01;10.138;-4.49247;-3.66421;2.40508;-6.70134;13.8577
1989-01-01;10.16374;-4.27814;-0.26294;30;1.41513;2.46456
1989-02-01;7.85718;-0.62968;-2.16605;0.31582;-2.4937;5.40899
1989-03-01;7.5319;-0.90145;-1.28403;0.32701;-1.55688;3.46586
1989-04-01;8.22521;-1.82215;-0.00138;1.49838;-3.61173;7.01403
1989-05-01;10.19618;-2.98564;-4.32547;21.89812;-9.54233;0.00083
1989-06-01;10.03277;-2.97015;-4.65939;19.52621;-28.55099;0.00218
1989-07-01;9.96353;-3.1464;-1.99827;1.74918;-8.93464;9.42376
1989-08-01;10.11145;-3.09996;-1.88154;1.72761;-9.02478;9.96719
1989-09-01;10.27773;-2.88636;-30;7.46213;23.64389;6.44636
1989-10-01;10.24805;-2.36349;-30;23.89937;26.9101;30
1989-11-01;6.74624;1.49416;30;1.65673;-28.76941;1.56761
1989-12-01;6.90196;1.33685;29.95349;1.27452;-29.52529;1.18691
1990-01-01;6.79395;1.32387;1.07253;0.46158;3.74628;3.12829
1990-02-01;10.89141;-2.25517;21.19008;12.36872;-30;18.71155
1990-03-01;7.44757;1.5031;2.04484;3.68821;-2.11465;0.16912
1990-04-01;8.05378;0.71931;2.22017;4.31727;-3.08251;0.05605
1990-05-01;7.71167;0.90435;2.8043;4.22825;-1.88222;0.08307
1990-06-01;7.33953;1.07774;3.35831;4.81959;-1.71675;0.03884
1990-07-01;5.71914;2.84221;4.02889;10.96229;-30;0.00546
1990-08-01;5.36212;3.36139;5.95349;9.54505;-30;0.00102
1990-09-01;5.77761;2.77216;6.63471;7.54404;29.9526;0.00046
1990-10-01;7.2018;1.08367;4.43982;5.33652;0.27659;0.76006
1990-11-01;7.40307;0.70993;4.14122;3.71375;2.30195;0.18454
1990-12-01;9.10214;1.24334;-0.82019;0.28729;-0.86055;0.30591
1991-01-01;7.26668;0.84708;2.57639;0.39115;4.84614;2.89183
1991-02-01;7.28778;1.34586;1.34203;0.46419;3.49023;3.09268
1991-03-01;6.99419;0.4865;4.3263;3.72637;3.53466;0.27835
1991-04-01;7.42114;-0.50384;4.0045;2.12194;5.43439;0.22713
1991-05-01;7.27422;1.43942;-3.26458;4.16215;4.54678;4.15832
1991-06-01;7.60371;1.68576;0.00161;0.51003;3.20539;2.43927
1991-07-01;7.64614;2.31856;1.10378;3.57482;-2.31961;0.52842
1991-08-01;7.51886;1.58785;-0.25729;0.49284;3.8904;1.9248
1991-09-01;7.48246;-0.04516;4.31487;1.73989;6.1029;0.08748
1991-10-01;10.86814;-1.79626;-30;9.19245;22.98666;7.51267
1991-11-01;6.81219;1.99751;3.02853;2.8324;30;0.00509
1991-12-01;6.74401;1.88309;0.08675;6.11644;2.02869;1.05558
1992-01-01;6.69745;1.83868;0.00081;6.72753;3.01707;0.14055
1992-02-01;7.19535;3.69553;-0.02189;1.72783;-4.19389;0.41447
1992-03-01;9.36104;-2.59473;-1.59833;0.02242;-6.58862;11.74076
1992-04-01;7.40273;-10.38629;11.08473;0.72358;30;0.13239
1992-05-01;7.41142;-9.67067;10.43208;0.67099;30;0.11787
1992-06-01;7.49674;4.01785;-30;0.513;29.34039;0.59825
1992-07-01;7.3552;1.4958;2.96707;1.30297;29.94906;0.00734
1992-08-01;4.4013;5.3399;3.6688;1.36292;7.98086;8.32719
1992-09-01;4.02309;4.47595;29.78369;7.83004;-26.01124;7.02558
1992-10-01;7.21903;0.80357;-10.48969;0.87637;10.41103;0.83062
1992-11-01;7.12908;-4.58751;-0.0088;0.39501;11.981;0.18415
1992-12-01;7.23284;1.33719;-1.57328;1.35492;-1.05336;1.35498
1993-01-01;7.21218;0.75609;-1.04655;1.67717;-1.25884;1.67717
1993-02-01;7.32746;1.7978;-1.44076;0.36805;-3.76204;1.78396
1993-03-01;7.48429;2.13586;-3.32263;0.36815;-3.90061;1.81908
1993-04-01;7.35178;1.83833;-1.35156;0.31791;-3.71178;1.48437
1993-05-01;7.42309;0.11635;-1.91926;1.45147;-1.9045;1.45161
1993-06-01;7.24963;0.49916;-2.1889;1.37503;-2.22838;1.3074
1993-07-01;7.09803;0.52601;0.85971;0.97478;-5.51587;1.16529
1993-08-01;6.75366;-0.09776;-2.49535;1.48027;-0.82656;1.48013
1993-09-01;7.00087;-0.34643;-3.31022;1.7551;-0.80167;1.75494
1993-10-01;6.87576;-0.30269;-1.0663;1.67255;-3.82413;1.69269
1993-11-01;7.0082;-0.96061;25.05261;1.40147;-30;1.46694
1993-12-01;6.95746;-0.75405;23.42165;1.70878;-29.08861;1.72366
1994-01-01;6.98505;-1.05424;-2.16428;1.84853;-2.76377;1.84855
1994-02-01;7.42823;-1.35453;-1.2005;0.35365;-5.2302;1.65595
1994-03-01;7.65247;-1.87334;-1.16879;1.80346;-2.62593;1.71876
1994-04-01;7.84048;-2.39328;-2.49471;1.51507;-0.8405;1.50887
1994-05-01;8.21618;-3.12517;-2.75425;1.51488;-0.30121;1.51401
1994-06-01;7.66365;-2.63239;2.43146;4.36946;-1.00978;0.47399
1994-07-01;7.87664;-3.03115;1.68779;2.67858;-1.68728;1.30646
1994-08-01;8.21989;-3.67237;-1.34819;1.36129;1.43613;0.04588
1994-09-01;8.37384;-2.14379;-4.90059;0.2598;-3.62238;1.0671
1994-10-01;8.31299;-0.91347;-6.1945;0.18503;-4.91138;0.79354
1994-11-01;8.05901;-1.60004;-4.1577;0.2019;-4.35647;0.75155
1994-12-01;8.15014;-3.87822;-0.00466;0.91004;29.8239;0.00478
1995-01-01;8.00003;-2.71375;-2.7241;0.68539;-29.99569;0.00285
1995-02-01;7.97871;-3.03506;-0.00058;1.49329;-0.31956;0.43914
1995-03-01;8.45152;-3.45908;-3.10601;1.44697;-0.70181;0.40735
1995-04-01;8.16643;-3.87923;13.68652;2.89079;-13.13447;2.73967
1995-05-01;8.09087;-3.58026;-0.53589;1.47214;-3.74629;1.48831
1995-06-01;8.10979;-3.63204;-6.2781;1.81098;4.48899;2.4497
1995-07-01;8.14347;-3.70102;-4.13851;1.36076;0.32778;4.05516
1995-08-01;8.17441;-3.62791;-5.24726;1.2386;-23.4886;0.00283
1995-09-01;8.37135;-3.83616;-5.74395;1.31779;-1.04284;0.31636
1995-10-01;8.21086;-3.79759;-5.66702;1.41232;-0.67225;0.34355
1995-11-01;7.82827;-3.80827;8.19255;2.43893;-11.6667;1.89279
1995-12-01;7.85207;-3.82847;-4.64199;1.39007;-2.05198;1.38997
1996-01-01;7.66102;-4.36543;1.05852;1.76689;-5.80654;1.4595
1996-02-01;8.22471;-5.3911;-4.82431;1.42576;2.0398;0.06896
1996-03-01;8.24331;-5.50659;-4.44918;1.46216;1.5959;0.07783
1996-04-01;8.10855;-4.29553;-6.674;1.28566;-1.32591;0.23583
1996-05-01;8.37519;-5.13207;-1.61702;1.45299;-4.05866;1.45567
1996-06-01;8.1535;-4.14763;-4.38121;0.32746;-8.33039;1.1743
1996-07-01;7.96453;-4.1624;-5.64883;1.25434;-1.09449;0.20799
1996-08-01;8.21948;-4.99184;-3.0614;1.35567;-2.83474;1.35478
1996-09-01;7.89754;-4.82516;-2.16536;1.42058;-3.2174;1.42054
1996-10-01;7.6952;-4.52593;-30;1.94719;26.3888;2.06483
1996-11-01;7.55801;-4.36068;-30;2.16232;26.35936;2.27891
1996-12-01;7.72519;-4.41866;-5.03788;1.48648;-1.01246;1.49587
1997-01-01;7.52369;-4.36724;-30;2.3311;26.60074;2.54665
1997-02-01;7.19529;-4.06812;3.76573;0.92233;-10.47046;1.3225
1997-03-01;7.70955;-4.4401;-1.02262;1.55506;-4.16955;1.66336
1997-04-01;7.72475;-4.48237;-2.76633;1.69844;-2.34895;1.68274
1997-05-01;7.87069;-4.7285;-2.34297;1.69929;-2.5951;1.73135
1997-06-01;7.53192;-4.53477;-6.11755;1.57233;1.1163;0.80946
1997-07-01;6.51544;-3.5371;4.68008;5.21199;-2.28818;2.98065
1997-08-01;7.23291;-4.14505;-2.13396;2.03027;-0.28972;2.07338
1997-09-01;6.91168;-3.73383;-0.82036;2.88888;0.22393;2.82603
1997-10-01;7.06106;-3.60941;-0.01137;2.02984;-1.9444;3.65331
1997-11-01;6.85808;-3.23901;-1.50024;1.93959;-0.8696;7.55748
1997-12-01;6.54269;-3.12267;0.4406;2.45558;-1.53018;3.29497
1998-01-01;7.58378;-4.19448;-2.27257;2.44357;-3.69818;13.82633
1998-02-01;6.13457;-2.78855;0.13431;3.36118;-0.67502;3.92625
1998-03-01;6.3094;-2.9083;-0.86978;1.37173;-2.52882;4.28586
1998-04-01;6.68868;-3.17537;0.83535;3.34444;-2.2653;7.50667
1998-05-01;6.50554;-3.10069;1.22881;4.11421;-2.18514;7.78009
1998-06-01;5.71431;7.44496;-15.90274;0.1212;-4.08774;1.50116
1998-07-01;6.17684;-2.77547;0.4682;2.55086;-2.56999;5.02364
1998-08-01;2.91073;0.52878;7.92813;26.66613;-0.56202;1.5245
1998-09-01;6.59839;-3.34715;-2.24797;6.89887;0.83769;0.14107
1998-10-01;8.18544;-4.64406;-0.90644;15.95373;-1.31829;1.36985
1998-11-01;6.333;-2.90358;-0.00856;11.03399;-1.32776;1.70346
1998-12-01;7.78789;-4.78614;-3.74671;4.59864;-4.74901;30
1999-01-01;6.09498;-3.09092;-2.63586;1.72806;-4.26975;5.21071
1999-02-01;5.94705;-3.25373;2.7407;14.39787;0.80771;0.1206
1999-03-01;6.49658;-3.59138;-0.00267;7.77344;-1.38413;1.65913
1999-04-01;6.05396;-3.53091;0.4178;3.31823;-3.7281;3.3489
1999-05-01;6.42942;-3.9083;1.82106;9.58079;-0.85991;2.03453
1999-06-01;7.00957;-4.55014;1.2299;4.17219;-3.02717;7.34956
1999-07-01;7.20322;-4.76824;21.31183;4.60305;-22.06568;5.07297
1999-08-01;7.32377;-4.76169;21.52565;4.33905;-22.30484;4.75522
1999-09-01;7.5521;-5.12154;0.00234;2.28695;-3.68593;7.60971
1999-10-01;8.43918;-5.51164;-1.6081;1.83687;-6.53706;9.33041
1999-11-01;8.81438;-5.69899;-1.92043;1.79595;-7.74105;8.96417
1999-12-01;7.42063;-4.36873;0.00078;1.77104;-4.00662;5.96785
2000-01-01;8.09921;-4.87151;0.00162;2.13248;-5.0097;9.49469
2000-02-01;7.33761;-3.89747;-0.00337;2.06844;-3.40352;9.07495
2000-03-01;7.08097;-3.3701;0.00079;2.24476;-3.5891;8.31068
2000-04-01;5.96635;-2.23916;-0.00025;2.54;1.05211;0.67126
2000-05-01;5.65341;-1.51186;-0.00013;0.4643;-1.10494;2.05893
2000-06-01;5.78027;-1.49129;0.00032;0.47346;-1.76917;2.25499
2000-07-01;5.66119;-1.25556;0.00036;0.40136;-1.13018;2.96045
2000-08-01;5.90013;-0.92322;0.61446;1.94121;-1.60349;5.66899
2000-09-01;7.09389;-2.08397;16.99035;6.26729;-19.65701;6.7173
2000-10-01;8.59242;-3.61831;-2.02152;25.88578;0.41971;0.42137
2000-11-01;6.36666;-1.26644;-0.85798;8.0355;-1.09417;2.65618
2000-12-01;6.7668;-1.72393;-2.4195;7.03204;-1.57072;1.13616
2001-01-01;6.5284;-1.52847;-2.73587;0.90476;-4.28605;4.4032
2001-02-01;6.83004;-1.84007;-3.11593;6.2351;-1.66406;0.96034
2001-03-01;6.52389;-1.75445;-3.03216;4.48129;-1.39923;0.80846
2001-04-01;6.54479;-1.66302;-2.15927;2.02837;-2.12093;5.38733
2001-05-01;6.51591;-1.95877;-1.36891;3.49113;-1.15563;1.33468
2001-06-01;6.4318;-2.00214;-1.14185;3.14705;-1.57595;2.08559
2001-07-01;6.2031;-1.88997;-3.30288;2.27545;0.7417;0.08346
2001-08-01;6.40404;-1.98596;-1.66632;3.83174;-2.14047;1.25387
2001-09-01;6.607;-2.85153;-1.84531;3.35074;-1.96389;1.09778
2001-10-01;6.25435;-2.47115;-1.12097;4.64631;-2.93247;0.99137
2001-11-01;5.86505;-2.54552;-2.98955;1.09264;-1.82566;3.31818
2001-12-01;5.87837;-2.65276;-2.05293;0.67807;-2.74642;1.63637
2002-01-01;5.70107;-2.38344;-2.15536;0.63666;-1.56453;2.25
2002-02-01;5.91845;-2.57918;-2.19155;0.88323;-1.663;3.12523
2002-03-01;6.16566;-2.95705;-0.85103;1.08597;-1.42005;3.88696
2002-04-01;6.39024;-3.11625;-1.3998;1.34158;-1.85853;5.71017
2002-05-01;5.97914;-2.70577;-0.39098;0.8509;-2.18638;2.17676
2002-06-01;5.7842;-2.37447;-1.42764;0.83653;-1.89787;2.20097
2002-07-01;5.81939;-2.55365;-1.11425;1.36434;-1.72754;2.07633
2002-08-01;5.73764;-2.42158;-2.57371;1.33228;-1.32248;4.00585
2002-09-01;5.74537;-2.40544;-1.86037;2.89685;-1.51091;0.83108
2002-10-01;6.01934;-2.63612;-2.31697;2.58164;-1.61047;0.70739
2002-11-01;5.80786;-2.8932;-1.36186;2.01387;-1.60693;1.59135
2002-12-01;5.70259;-2.85132;-2.58107;1.09938;-3.32881;2.27326
2003-01-01;5.54005;-2.57503;-2.91847;2.27689;-1.62592;0.81673
2003-02-01;5.72329;-3.20026;-4.83295;2.00322;-0.31119;0.0001
2003-03-01;5.92542;-3.28447;-2.20325;2.98921;-1.94454;0.89505
2003-04-01;5.80753;-3.33753;-2.73627;2.06606;-1.41225;1.65256
2003-05-01;5.52429;-3.29219;-4.81742;2.06106;0.53813;0.0001
2003-06-01;5.77317;-3.80738;-3.01947;2;-1.51835;2.51704
2003-07-01;5.97298;-3.90146;-2.80355;0.86996;-5.06485;2.45417
2003-08-01;5.77924;-3.84374;-0.34364;3.72412;-0.16774;0.55949
2003-09-01;5.7734;-3.83403;-2.29381;2;-1.49321;2.2091
2003-10-01;5.89291;-3.90607;-0.04605;3.64146;-0.434;0.59943
2003-11-01;5.78679;-3.89727;-0.77823;2.54076;-0.18113;1.50487
2003-12-01;5.68234;-3.82514;-1.78292;1.85894;-0.80737;2.38933
2004-01-01;5.77337;-3.86489;-0.73527;2.25668;-1.67105;1.67291
2004-02-01;5.72933;-3.82302;-2.69946;2.06636;-0.98418;1.66716
2004-03-01;5.68311;-3.83211;-2.37261;2;-1.60892;1.80615
2004-04-01;5.83044;-3.84808;1.40999;5.6143;-0.85019;0.68261
2004-05-01;5.8133;-3.90118;-0.19916;2.24599;-2;2.23815
2004-06-01;5.74875;-3.90253;0.14486;3.77907;0.24775;3.74085
2004-07-01;5.83807;-3.91431;-2.07165;1.86971;-1.16126;5.30721
2004-08-01;5.77352;-3.72363;-3.04393;1.48603;-1.92452;4.63942
2004-09-01;5.49187;-3.72471;-0.90766;3.20751;0.58853;0.28123
2004-10-01;5.38325;-3.3198;-1.36406;2;-1.8193;2.87206
2004-11-01;5.1856;-3.04943;-1.12549;2.3538;-1.69934;2.07723
2004-12-01;5.17183;-3.17425;-0.89148;3.92665;0.07498;7.50765
2005-01-01;4.66161;-2.64591;-1.49144;2.40145;-0.28912;2.79729
2005-02-01;4.72956;-2.67385;-1.66561;0.58487;-3.70258;1.93996
2005-03-01;4.25665;-2.25565;2.98773;8.41194;-0.49003;0.0001
2005-04-01;4.65655;-2.52321;-2.37224;2.39563;-0.39434;0.6208
2005-05-01;4.5561;-2.46637;-2.05793;1.94731;-1.25413;3.38578
2005-06-01;4.3102;-2.20261;-2.25541;1.98593;-1.06491;1.99542
2005-07-01;4.35324;-2.27341;-1.51048;2.02283;-1.25889;3.55984
2005-08-01;3.95482;-1.88822;-2.43309;3.2768;1.64702;6.45888
2005-09-01;4.19255;-2.13114;4.14559;5.46577;-4.02181;5.03099
2005-10-01;4.3596;-2.19942;0.2016;2.65321;-1.26482;3.54189
2005-11-01;4.4088;-1.89741;-0.30266;5.08833;-0.30942;0.06756
2005-12-01;4.1838;-1.36063;-0.68441;5.42402;-1.20304;0.15
2006-01-01;4.10486;-1.70589;0.46575;1.26089;-1.72954;2.48733
2006-02-01;4.03934;-1.64063;-0.14545;0.70052;-1.62368;2.21845
2006-03-01;4.25289;-1.7956;-0.24478;0.5477;-1.55534;2.01832
2006-04-01;4.49478;-2.0201;-0.02413;0.62182;-1.62242;1.82524
2006-05-01;4.58838;-2.03871;-0.00618;0.59349;-2.25757;2.03539
